Ship To Name,Direct/Distributor,Primary Chain,Zone,State,Chains Served
APOLLO HEALTHCO LIMITED-Chittor,Direct,Apollo,South-2,Andhra Pradesh,Apollo
APOLLO HEALTHCO LIMITED-HYD,Direct,Apollo,South-2,Telangana,Apollo
APOLLO HEALTHCO LIMITED-Madurai,Direct,Apollo,South-1,Tamil Nadu,Apollo
APOLLO HEALTHCO LIMITED-Vijayawada,Direct,Apollo,South-2,Andhra Pradesh,Apollo
APOLLO HEALTHCO LIMITED-WB,Direct,Apollo,East,West Bengal,Apollo
APOLLO HEALTHCO LIMITED-WB-2,Direct,Apollo,East,West Bengal,Apollo
APOLLO HEALTHCO LIMITED_AHMEDABAD,Direct,Apollo,West,Gujarat,Apollo
Aggarwal Associates,Dist.,Vishal Mega Mart,North,Punjab,Vishal Mega Mart
Apollo Healthco Limited Faridabad_ShipTo,Direct,Apollo,North,Haryana,Apollo
Apollo Healthco Limited-Assam,Direct,Apollo,East,Northeast-Assam,Apollo
Apollo Healthco Limited-Bangalore,Direct,Apollo,South-1,Karnataka,Apollo
Apollo Healthco Limited-Chennai,Direct,Apollo,South-1,Tamil Nadu,Apollo
Apollo Healthco Limited-Goa,Direct,Apollo,West,Goa,Apollo
Apollo Healthco Limited-Hubbli,Direct,Apollo,South-1,Karnataka,Apollo
Apollo Healthco Limited-Kochi,Direct,Apollo,South-1,Kerala,Apollo
Apollo Healthco Limited-Ore,Direct,Apollo,East,Orissa,Apollo
Apollo Healthco Limited-Sanath Nagar,Direct,Apollo,South-2,Telangana,Apollo
Apollo Healthco Limited_Bhiwandi,Direct,Apollo,West,Mumbai,Apollo
Apollo Healthco Limited_Faridabad,Direct,Apollo,North,Haryana,Apollo
Apollo Healthco Limited_Rajasthan,Direct,Apollo,North,Rajasthan,Apollo
Apollo Healthco Ltd_Raipur,Direct,Apollo,West,Chattishgarh,Apollo
Arc Foods And Beverages_Mt_H&G,Dist.,Health & Glow,South-1,Tamil Nadu,Apollo; B&N; Health & Glow
Arunachala Logistics Pvt Ltd_Ship To,Direct,Today's Basket,South-2,Andhra Pradesh,Today's Basket
Aryan Wellness Private Limited(A unit of AWPSPL),Direct,Ascent Wellness,North,Haryana,Ascent Wellness
Ascent Wellness Pharma Solutions Pvt Ltd (A unit of AWPSPL),Direct,Ascent Wellness,West,Mumbai,Ascent Wellness
Avenue E Commerce Limited(Belapur),Direct,D-Mart,West,Mumbai,D-Mart
Avenue E Commerce Limited(Ck Palya),Direct,D-Mart,South-1,Karnataka,D-Mart
Avenue E Commerce Limited(Kanjur),Direct,D-Mart,West,Mumbai,D-Mart
Avenue E Commerce Limited(Kiwale),Direct,D-Mart,West,Pune,D-Mart
Avenue E Commerce Limited(Kushaiguda),Direct,D-Mart,South-2,Telangana,D-Mart
Avenue E Commerce Limited(Mira Road) N2,Direct,D-Mart,West,Pune,D-Mart
Avenue E Commerce Limited(Nahur),Direct,D-Mart,West,Mumbai,D-Mart
Avenue E Commerce Limited_3826,Direct,D-Mart,West,Gujarat,D-Mart
Avenue E Commerce Limited_GachibowlI,Direct,D-Mart,South-2,Telangana,D-Mart
Avenue E Commerce Limited_Panvel-2,Direct,D-Mart,West,Mumbai,D-Mart
Avenue E Commerce Ltd -  IAA0-KanadiaFC-MP,Direct,D-Mart,North,Madhya Pradesh,D-Mart
"Avenue E Commerce Ltd -ABC0, Wadki FC-Pune",Direct,D-Mart,West,Pune,D-Mart
Avenue E Commerce Ltd -ABF0Mazgaon FC-Mumbai,Direct,D-Mart,West,Mumbai,D-Mart
Avenue E Commerce Ltd -ABG0-Kondhwa FC,Direct,D-Mart,West,Pune,D-Mart
Avenue E Commerce Ltd -AE00-IFC-Kukse,Direct,D-Mart,West,Mumbai,D-Mart
Avenue E Commerce Ltd -Andheri FC,Direct,D-Mart,West,Mumbai,D-Mart
Avenue E Commerce Ltd -Bachupally FC,Direct,D-Mart,South-2,Telangana,D-Mart
Avenue E Commerce Ltd -Ganguru FC,Direct,D-Mart,South-2,Andhra Pradesh,D-Mart
"Avenue E Commerce Ltd -IAB0-AyodhyaBypass FC, MP",Direct,D-Mart,North,Madhya Pradesh,D-Mart
Avenue E Commerce Ltd -Kancharapalem FC,Direct,D-Mart,South-2,Andhra Pradesh,D-Mart
Avenue E Commerce Ltd -Kurla FC,Direct,D-Mart,West,Mumbai,D-Mart
Avenue E Commerce Ltd -MAA0-GurugramFC-HR,Direct,D-Mart,North,Haryana,D-Mart
Avenue E Commerce Ltd -Nagpur-FC,Direct,D-Mart,West,Pune,D-Mart
Avenue E Commerce Ltd -Nashik AAR0-FC,Direct,D-Mart,West,Pune,D-Mart
Avenue E Commerce Ltd -Perungudi Chennai-FC,Direct,D-Mart,South-1,Tamil Nadu,D-Mart
Avenue E Commerce Ltd -Taloja FC-MH,Direct,D-Mart,West,Mumbai,D-Mart
Avenue E Commerce Ltd -UPPAL FC,Direct,D-Mart,South-2,Telangana,D-Mart
Avenue E Commerce Ltd -Vashi FC-E,Direct,D-Mart,West,Mumbai,D-Mart
Avenue E Commerce Ltd -Yelahanka FC,Direct,D-Mart,South-1,Karnataka,D-Mart
Avenue E Commerce Ltd-ABE0-Kurla FC-2,Direct,D-Mart,West,Mumbai,D-Mart
Avenue E Commerce Ltd._Hennur Fc-Ka,Direct,D-Mart,South-1,Karnataka,D-Mart
Avenue E Commerce Ltd_3919-Sardarnagar,Direct,D-Mart,West,Gujarat,D-Mart
Avenue E Commerce Ltd_3925-Jahangirabad.,Direct,D-Mart,West,Gujarat,D-Mart
Avenue E Commerce Ltd_4047-Vasai Waliv,Direct,D-Mart,West,Mumbai,D-Mart
Avenue E Commerce Ltd_CadburyFC.,Direct,D-Mart,West,Mumbai,D-Mart
Avenue E Commerce Ltd_Goregaon,Direct,D-Mart,West,Mumbai,D-Mart
Avenue E Commerce Ltd_Hoodi FC,Direct,D-Mart,South-1,Karnataka,D-Mart
Avenue E Commerce Ltd_Manpada,Direct,D-Mart,West,Mumbai,D-Mart
Avenue E Commerce Ltd_PeddaAmberpetFC,Direct,D-Mart,South-2,Telangana,D-Mart
Avenue E Commerce Ltd_SanandFC,Direct,D-Mart,West,Gujarat,D-Mart
Avenue E Commerce Ltd_Wagholi,Direct,D-Mart,West,Pune,D-Mart
Avenue Supermarts Ltd.-DC-1032,Direct,D-Mart,South-1,Karnataka,D-Mart
Avenue Supermarts Ltd.-DC-1039,Direct,D-Mart,West,Mumbai,D-Mart
Avenue Supermarts Ltd.-DC-1049,Direct,D-Mart,North,Madhya Pradesh,D-Mart
Avenue Supermarts Ltd.-DC-1050,Direct,D-Mart,North,Punjab,D-Mart
Avenue Supermarts Ltd.-DC-1054,Direct,D-Mart,South-2,Telangana,D-Mart
Avenue Supermarts Ltd.-DC-1068,Direct,D-Mart,North,Rajasthan,D-Mart
Avenue Supermarts Ltd.-DC-1091,Direct,D-Mart,North,Haryana,D-Mart
Avenue Supermarts Ltd.-DC-8009,Direct,D-Mart,South-1,Karnataka,D-Mart
Avenue Supermarts Ltd.-DC-8012,Direct,D-Mart,West,Pune,D-Mart
Az Enterprises,Dist.,Health & Glow,South-1,Karnataka,Apollo; B&N; Frank Ross; Health & Glow; Lulu; Max Hyper; More Retail; Trilife; Vishal Mega Mart
Az Enterprises(Apollo/More)Mt,Dist.,Health & Glow,South-1,Karnataka,Apollo; B&N; Frank Ross; Health & Glow; Lulu; Max Hyper; More Retail; Trilife; Vishal Mega Mart
BALAJI ASSOCIATES Distributor MT,Dist.,Reliance Retail,East,Northeast-Assam,Apollo; Reliance Retail; Vishal Mega Mart
CHHABRA TRADERS_Ship To,Dist.,Lulu,North,Lucknow_UPE,D-Mart; Deal Share; Lulu; Spencers; Vishal Mega Mart
CHOUDHARY ENTERPRISES-MT-MP,Dist.,Vishal Mega Mart,North,Madhya Pradesh,Vishal Mega Mart
Chhabra Traders,Dist.,Lulu,North,Lucknow_UPE,D-Mart; Deal Share; Lulu; Spencers; Vishal Mega Mart
D.C. Agencies Pvt Ltd(Mayapuri)(A unit of AWPSPL),Direct,Ascent Wellness,North,Delhi,Ascent Wellness
D.L. Sales - MT,Dist.,Health & Glow,East,West Bengal,Apna Mart; Apollo; Arambagh; Deal Share; Frank Ross; Health & Glow; More Retail; Reliance Retail; SastaSundar; Spencers; Sumo Save; V-Mart; Vishal Mega Mart
DC Agencies-Ascent,Direct,Ascent Wellness,North,Madhya Pradesh,Ascent Wellness
Eastern Agencies Healthcare Pvt Ltd(A unit of AWPSPL),Direct,Ascent Wellness,West,Mumbai,Ascent Wellness
Eremedium Private Limited_Dosi,Direct,Eremedium,North,UPW,Eremedium
Eremedium Private Limited_Shipto,Direct,Eremedium,North,UPW,Eremedium
FSN Distribution Ltd_Indore,Direct,Nykaa SS(fsn),North,Madhya Pradesh,Nykaa SS(fsn)
FSN Distribution Ltd_NDG-GZB,Direct,Nykaa SS(fsn),North,UPW,Nykaa SS(fsn)
FSN Distribution Ltd_NKD-KL,Direct,Nykaa SS(fsn),South-1,Kerala,Nykaa SS(fsn)
FSN Distribution Ltd_OR-NYKAA,Direct,Nykaa SS(fsn),East,Orissa,Nykaa SS(fsn)
Fsn Distribution Ltd_Anakapalle-AP,Direct,Nykaa SS(fsn),South-2,Andhra Pradesh,Nykaa SS(fsn)
Fsn Distribution Ltd_Bhiwandi,Direct,Nykaa SS(fsn),West,Mumbai,Nykaa SS(fsn)
Fsn Distribution Ltd_Gallops,Direct,Nykaa SS(fsn),West,Gujarat,Nykaa SS(fsn)
Fsn Distribution Ltd_Hobli,Direct,Nykaa SS(fsn),South-1,Karnataka,Nykaa SS(fsn)
Fsn Distribution Ltd_Khasarwara,Direct,Nykaa SS(fsn),North,UPW,Nykaa SS(fsn)
Fsn Distribution Ltd_Mauja,Direct,Nykaa SS(fsn),East,Bihar,Nykaa SS(fsn)
Fsn Distribution Ltd_Mewat,Direct,Nykaa SS(fsn),North,Haryana,Nykaa SS(fsn)
Fsn Distribution Ltd_Rajpura,Direct,Nykaa SS(fsn),North,Punjab,Nykaa SS(fsn)
Fsn Distribution Ltd_Ranihat,Direct,Nykaa SS(fsn),East,West Bengal,Nykaa SS(fsn)
Fsn Distribution Ltd_Revenue Village,Direct,Nykaa SS(fsn),East,Northeast-Assam,Nykaa SS(fsn)
Fsn Distribution Ltd_Sarpara,Direct,Nykaa SS(fsn),East,Northeast-Assam,Nykaa SS(fsn)
Fsn Distribution Ltd_Tiruvallur,Direct,Nykaa SS(fsn),South-1,Tamil Nadu,Nykaa SS(fsn)
Fsn Distribution Ltd_Village Gurhi,Direct,Nykaa SS(fsn),North,Haryana,Nykaa SS(fsn)
Fsn Distribution Ltd_Village Sonale,Direct,Nykaa SS(fsn),West,Mumbai,Nykaa SS(fsn)
Fsn Distribution Ltd_Yamjal Village,Direct,Nykaa SS(fsn),South-2,Telangana,Nykaa SS(fsn)
G.V Enterprises,Dist.,Lulu,South-1,Tamil Nadu,Apollo; D-Mart; Lulu; Pothys
Ganapati Distributor MT,Dist.,Vishal Mega Mart,East,Orissa,Vishal Mega Mart
Guardian Healthcare Services Pvt Ltd(DL),Direct,Guardian,North,Delhi,Guardian
Health & Glow Private limited-HG-RO-BLR,Direct,Health & Glow,South-1,Karnataka,Health & Glow
Health & Glow Private limited-HG-RO-CHE,Direct,Health & Glow,South-1,Tamil Nadu,Health & Glow
Health & Glow Private limited-HG-RO-HYD,Direct,Health & Glow,South-2,Telangana,Health & Glow
Health & Glow Private limited-HG-RO-MUM,Direct,Health & Glow,West,Mumbai,Health & Glow
Health & Glow Private limited-HG-RO-WB,Direct,Health & Glow,East,West Bengal,Health & Glow
JB Pharma_MT,Dist.,V-Mart,East,Jharkhand,V-Mart
JUST MARK-Dmart,Dist.,D-Mart,West,Gujarat,D-Mart
JUST MARK-Dmart_ship to,Dist.,D-Mart,West,Gujarat,D-Mart
Kiran Trading Co- Dmart,Dist.,D-Mart,West,Pune,D-Mart
Kiran Trading Co_Shipto (Solapur),Dist.,D-Mart,West,Pune,D-Mart
Kiran Trading Company_Ship to,Dist.,D-Mart,West,Pune,D-Mart
LIFESTYLE INTERNATIONAL PVT LTD_SHIP TOPhoenix Market City-LS-BLR,Direct,Lifestyle,South-1,Karnataka,Lifestyle
LIFESTYLE INTERNATIONAL_Ship To,Direct,Lifestyle,West,Gujarat,Lifestyle
Life Style International Pvt Ltd_Bill To,Direct,Lifestyle,South-1,Tamil Nadu,Lifestyle
Lifestyle International Pvt Ltd-Shinvglu,Direct,Lifestyle,South-1,Karnataka,Lifestyle
Lifestyle International Pvt LtdBabyshop,Direct,Lifestyle Babyshop,South-1,Karnataka,Lifestyle Babyshop
Lifestyle International Pvt LtdBabyshop_Ship To,Direct,Lifestyle Babyshop,South-1,Karnataka,Lifestyle Babyshop
Lifestyle International Pvt LtdBorivali_Bill To,Direct,Lifestyle,West,Mumbai,Lifestyle
Lifestyle International Pvt LtdBorivali_Ship To,Direct,Lifestyle,West,Mumbai,Lifestyle
Lifestyle International Pvt LtdGhatkopar_Ship To,Direct,Lifestyle,West,Mumbai,Lifestyle
Lifestyle International Pvt LtdKhayala,Direct,Lifestyle,North,Delhi,Lifestyle
Lifestyle International Pvt LtdKurla_Ship To,Direct,Lifestyle,West,Mumbai,Lifestyle
Lifestyle International Pvt LtdLucknow_Ship To,Direct,Lifestyle,North,UPE,Lifestyle
Lifestyle International Pvt LtdThane_Ship To,Direct,Lifestyle,West,Mumbai,Lifestyle
Lifestyle International Pvt LtdVelachery_Ship To,Direct,Lifestyle,South-1,Tamil Nadu,Lifestyle
Lifestyle International Pvt Ltd_HR,Direct,Lifestyle Babyshop,North,Haryana,Lifestyle Babyshop
Lifestyle International Pvt Ltd_HYD,Direct,Lifestyle,South-2,Telangana,Lifestyle
Lifestyle International Pvt Ltd_KA,Direct,Lifestyle,South-1,Karnataka,Lifestyle
Lifestyle International Pvt Ltd_Ship to,Direct,Lifestyle,South-2,Telangana,Lifestyle
Lifestyle International Pvt Ltd_VegaBill To,Direct,Lifestyle,East,West Bengal,Lifestyle
Lifestyle International Pvt Ltd_VegaShip To,Direct,Lifestyle,East,West Bengal,Lifestyle
Lifestyle International Pvt. Ltd-Mumbai,Direct,Lifestyle,West,Mumbai,Lifestyle
Lifestyle International Pvt. Ltd-Oberoi,Direct,Lifestyle,West,Mumbai,Lifestyle
Lifestyle International Pvt. Ltd-Pacific,Direct,Lifestyle,North,Delhi,Lifestyle
M/S KOTTARAM BUSINESS CORPORATION-MT,Dist.,Lulu,South-1,Kerala,Apollo; Health & Glow; Lulu
MANOJ SOAP AGENCY-MT,Dist.,Deal Share,North,Rajasthan,Deal Share; Vishal Mega Mart
MARK ENTERPRISE,Dist.,Apollo,West,Gujarat,Apollo
Mahaveer Medi-Sales Private Limited(A unit of AWPSPL),Direct,Ascent Wellness,South-1,Karnataka,Ascent Wellness
Metro Cash & Carry India Pvt Ltd -(DC27)-T0SJ,Direct,Metro CNC,South-1,Karnataka,Metro CNC
Metro Cash & Carry India Pvt Ltd -(DC34)-T0SR,Direct,Metro CNC,South-1,Karnataka,Metro CNC
Metro Cash & Carry India Pvt Ltd-(DC10)-T0SM,Direct,Metro CNC,South-1,Karnataka,Metro CNC
Metro Cash & Carry India Pvt Ltd-(DC11)-T0SL,Direct,Metro CNC,South-1,Karnataka,Metro CNC
Metro Cash & Carry India Pvt Ltd-(DC12)-T0QX,Direct,Metro CNC,South-2,Telangana,Metro CNC
Metro Cash & Carry India Pvt Ltd-(DC15)-T0QY,Direct,Metro CNC,South-2,Telangana,Metro CNC
Metro Cash & Carry India Pvt Ltd-(DC16)-T0QZ,Direct,Metro CNC,South-2,Telangana,Metro CNC
Metro Cash & Carry India Pvt Ltd-(DC17)-T0QT,Direct,Metro CNC,South-2,Andhra Pradesh,Metro CNC
Metro Cash & Carry India Pvt Ltd-(DC18)-T0SN,Direct,Metro CNC,South-1,Karnataka,Metro CNC
Metro Cash & Carry India Pvt Ltd-(DC20)-T0RK,Direct,Metro CNC,West,Mumbai,Metro CNC
Metro Cash & Carry India Pvt Ltd-(DC23)-T0RL,Direct,Metro CNC,West,Mumbai,Metro CNC
Metro Cash & Carry India Pvt Ltd-(DC24)-T0RJ,Direct,Metro CNC,North,Madhya Pradesh,Metro CNC
Metro Cash & Carry India Pvt Ltd-(DC25)-T0RB,Direct,Metro CNC,West,Gujarat,Metro CNC
Metro Cash & Carry India Pvt Ltd-(DC26)-T0SP,Direct,Metro CNC,South-1,Karnataka,Metro CNC
Metro Cash & Carry India Pvt Ltd-(DC28)-T0RF,Direct,Metro CNC,West,Gujarat,Metro CNC
Metro Cash & Carry India Pvt Ltd-(DC29)-T0RA,Direct,Metro CNC,South-2,Telangana,Metro CNC
Metro Cash & Carry India Pvt Ltd-(DC30)-T0RM,Direct,Metro CNC,West,Pune,Metro CNC
Metro Cash & Carry India Pvt Ltd-(DC32)-T0QU,Direct,Metro CNC,North,UPW,Metro CNC
Metro Cash & Carry India Pvt Ltd-(DC36)-T0RH,Direct,Metro CNC,South-2,Andhra Pradesh,Metro CNC
Metro Cash & Carry India Pvt Ltd-(DC37)-T0RD,Direct,Metro CNC,South-2,Andhra Pradesh,Metro CNC
Metro Cash & Carry India Pvt Ltd-(DC43)-T2YF,Direct,Metro CNC,North,Punjab,Metro CNC
Metro Cash & Carry India Pvt Ltd-(DC45)-T0RE,Direct,Metro CNC,North,Rajasthan,Metro CNC
Metro Cash & Carry India Pvt Ltd-(DC46)-T0RC,Direct,Metro CNC,North,Delhi,Metro CNC
Metro Cash & Carry India Pvt Ltd-(DC47)-T0SI,Direct,Metro CNC,North,Punjab,Metro CNC
Metro Cash & Carry India Pvt Ltd-(DC48)-T0SK,Direct,Metro CNC,North,Punjab,Metro CNC
Metro Cash & Carry India Pvt Ltd-(DC52)-T0RI,Direct,Metro CNC,North,Delhi,Metro CNC
Metro Cash & Carry India Pvt Ltd-(DC53)-T0QV,Direct,Metro CNC,North,Lucknow_UPE,Metro CNC
Metro Cash & Carry India Pvt Ltd-(DC54)-T0QW,Direct,Metro CNC,North,UPW,Metro CNC
Metro Cash & Carry India Pvt Ltd-(DC60)-T0QS,Direct,Metro CNC,East,West Bengal,Metro CNC
Metro Cash & Carry India Pvt Ltd_DC33(T0SQ),Direct,Metro CNC,South-1,Karnataka,Metro CNC
Metro Cash & Carry India Pvt Ltd_T0SO,Direct,Metro CNC,South-1,Karnataka,Metro CNC
Metro Cash & Carry India Pvt Ltd_T2FM,Direct,Metro CNC,West,Mumbai,Metro CNC
Mittal Enterprises,Dist.,Vishal Mega Mart,North,Delhi,Vishal Mega Mart
Nykaa E-Retail Limited.-AP EB2B,Direct,Nykaa SS(fsn),South-2,Andhra Pradesh,Nykaa SS(fsn)
Nykaa E-Retail Limited.-AS EB2B,Direct,Nykaa SS(fsn),East,Northeast-Assam,Nykaa SS(fsn)
Nykaa E-Retail Limited.-BR EB2B,Direct,Nykaa SS(fsn),East,Bihar,Nykaa SS(fsn)
Nykaa E-Retail Limited.-GJ EB2B,Direct,Nykaa SS(fsn),West,Gujarat,Nykaa SS(fsn)
Nykaa E-Retail Limited.-HR-Gurhi EB2B,Direct,Nykaa SS(fsn),North,Haryana,Nykaa SS(fsn)
Nykaa E-Retail Limited.-KA EB2B,Direct,Nykaa SS(fsn),South-1,Karnataka,Nykaa SS(fsn)
Nykaa E-Retail Limited.-KL EB2B,Direct,Nykaa SS(fsn),South-1,Kerala,Nykaa SS(fsn)
Nykaa E-Retail Limited.-MP EB2B,Direct,Nykaa SS(fsn),North,Madhya Pradesh,Nykaa SS(fsn)
Nykaa E-Retail Limited.-Mum EB2B,Direct,Nykaa SS(fsn),West,Mumbai,Nykaa SS(fsn)
Nykaa E-Retail Limited.-OR EB2B,Direct,Nykaa SS(fsn),East,Orissa,Nykaa SS(fsn)
Nykaa E-Retail Limited.-PB EB2B,Direct,Nykaa SS(fsn),North,Punjab,Nykaa SS(fsn)
Nykaa E-Retail Limited.-TG EB2B,Direct,Nykaa SS(fsn),South-2,Telangana,Nykaa SS(fsn)
Nykaa E-Retail Limited.-TN EB2B,Direct,Nykaa SS(fsn),South-1,Tamil Nadu,Nykaa SS(fsn)
Nykaa E-Retail Limited.-UP-Hapur EB2B,Direct,Nykaa SS(fsn),North,UPW,Nykaa SS(fsn)
Nykaa E-Retail Limited.-UP-LKW EB2B,Direct,Nykaa SS(fsn),North,Lucknow-UPE,Nykaa SS(fsn)
Nykaa E-Retail Limited.-WB EB2B,Direct,Nykaa SS(fsn),East,West Bengal,Nykaa SS(fsn)
Octopolis Technologies Pvt Ltd,Direct,Apna Klub,North,UPW,Apna Klub
PRAGATI SALES-Apollo,Dist.,Apollo,West,Chattishgarh,Apollo
PRAGATI SALES-D-MART,Dist.,D-Mart,West,Chattishgarh,Apollo; D-Mart
R.C. Trade Link H&G,Dist.,Health & Glow,West,Mumbai,Health & Glow
REAL TIME LOGISTICS_MT_BR,Dist.,Vishal Mega Mart,East,Bihar,Vishal Mega Mart
RELIANCE RETAIL LIMITED-Badli,Direct,Reliance Retail,North,Haryana,Reliance Retail
RELIANCE RETAIL LIMITED-FREC,Direct,Reliance Retail,South-1,Karnataka,Reliance Retail
RELIANCE RETAIL LIMITED-FREF,Direct,Reliance Retail,South-1,Tamil Nadu,Reliance Retail
RELIANCE RETAIL LIMITED-FREI,Direct,Reliance Retail,South-2,Telangana,Reliance Retail
RELIANCE RETAIL LIMITED-SF92,Direct,Reliance Retail,East,West Bengal,Reliance Retail
RELIANCE RETAIL LIMITED-SH65,Direct,Reliance Retail,West,Pune,Reliance Retail
RELIANCE RETAIL LIMITED-SH69,Direct,Reliance Retail,North,Haryana,Reliance Retail
RELIANCE RETAIL LIMITED-SH71,Direct,Reliance Retail,North,Madhya Pradesh,Reliance Retail
RELIANCE RETAIL LIMITED-SLIG,Direct,Reliance Retail,East,Northeast-Assam,Reliance Retail
RELIANCE RETAIL LIMITED-SLII,Direct,Reliance Retail,North,Lucknow_UPE,Reliance Retail
RELIANCE RETAIL LIMITED_FRIA,Direct,Reliance Retail,East,Bihar,Reliance Retail
RELIANCE RETAIL Ltd-SLEW,Direct,Reliance Retail,West,Chattishgarh,Reliance Retail
RR Traders-MT,Dist.,Vishal Mega Mart,North,Punjab,Vishal Mega Mart
Reliance Retail Limited Ce08,Direct,Reliance Retail,East,Jharkhand,Reliance Retail
Reliance Retail Limited Cf08,Direct,Reliance Retail,West,Mumbai,Reliance Retail
Reliance Retail Limited Fb08,Direct,Reliance Retail,North,Punjab,Reliance Retail
Reliance Retail Limited Fd08,Direct,Reliance Retail,South-1,Karnataka,Reliance Retail
Reliance Retail Limited R468,Direct,Reliance Retail,South-2,Andhra Pradesh,Reliance Retail
Reliance Retail Limited R701,Direct,Reliance Retail,West,Gujarat,Reliance Retail
Reliance Retail Limited R703,Direct,Reliance Retail,South-1,Tamil Nadu,Reliance Retail
Reliance Retail Limited R801,Direct,Reliance Retail,East,Orissa,Reliance Retail
Reliance Retail Limited Sc79,Direct,Reliance Retail,West,Mumbai,Reliance Retail
Reliance Retail Limited-2949,Direct,Reliance Retail,South-2,Telangana,Reliance Retail
Reliance Retail Limited-2956,Direct,Reliance Retail,East,Jharkhand,Reliance Retail
Reliance Retail Limited-2959,Direct,Reliance Retail,East,Orissa,Reliance Retail
Reliance Retail Limited-2985,Direct,Reliance Retail,South-2,Telangana,Reliance Retail
Reliance Retail Limited-6202,Direct,Reliance Retail,West,Gujarat,Reliance Retail
Reliance Retail Limited-6205,Direct,Reliance Retail,North,Haryana,Reliance Retail
Reliance Retail Limited-6206,Direct,Reliance Retail,East,Jharkhand,Reliance Retail
Reliance Retail Limited-6208,Direct,Reliance Retail,West,Pune,Reliance Retail
Reliance Retail Limited-6210,Direct,Reliance Retail,West,Mumbai,Reliance Retail
Reliance Retail Limited-6214,Direct,Reliance Retail,South-1,Tamil Nadu,Reliance Retail
Reliance Retail Limited-6217,Direct,Reliance Retail,West,Mumbai,Reliance Retail
Reliance Retail Limited-6219,Direct,Reliance Retail,West,Pune,Reliance Retail
Reliance Retail Limited-6220,Direct,Reliance Retail,West,Mumbai,Reliance Retail
Reliance Retail Limited-6224,Direct,Reliance Retail,East,Orissa,Reliance Retail
Reliance Retail Limited-6225,Direct,Reliance Retail,South-1,Karnataka,Reliance Retail
Reliance Retail Limited-6239,Direct,Reliance Retail,North,Delhi,Reliance Retail
Reliance Retail Limited-6703,Direct,Reliance Retail,West,Gujarat,Reliance Retail
Reliance Retail Limited-6705,Direct,Reliance Retail,South-1,Kerala,Reliance Retail
Reliance Retail Limited-6714,Direct,Reliance Retail,South-2,Telangana,Reliance Retail
Reliance Retail Limited-6726,Direct,Reliance Retail,North,Rajasthan,Reliance Retail
Reliance Retail Limited-6728,Direct,Reliance Retail,South-2,Telangana,Reliance Retail
Reliance Retail Limited-FOC,Direct,Reliance Retail,West,Mumbai,Reliance Retail
Reliance Retail Limited-FR04,Direct,Reliance Retail,West,Mumbai,Reliance Retail
Reliance Retail Limited-FR08,Direct,Reliance Retail,West,Mumbai,Reliance Retail
Reliance Retail Limited-FR15,Direct,Reliance Retail,West,Mumbai,Reliance Retail
Reliance Retail Limited-FR22,Direct,Reliance Retail,West,Mumbai,Reliance Retail
Reliance Retail Limited-FR23,Direct,Reliance Retail,West,Pune,Reliance Retail
Reliance Retail Limited-FR40,Direct,Reliance Retail,South-1,Karnataka,Reliance Retail
Reliance Retail Limited-FR43,Direct,Reliance Retail,South-1,Karnataka,Reliance Retail
Reliance Retail Limited-FR45,Direct,Reliance Retail,South-1,Karnataka,Reliance Retail
Reliance Retail Limited-FR46,Direct,Reliance Retail,South-1,Karnataka,Reliance Retail
Reliance Retail Limited-FR47,Direct,Reliance Retail,South-1,Karnataka,Reliance Retail
Reliance Retail Limited-FR48,Direct,Reliance Retail,South-1,Karnataka,Reliance Retail
Reliance Retail Limited-FR57,Direct,Reliance Retail,South-1,Karnataka,Reliance Retail
Reliance Retail Limited-FR63,Direct,Reliance Retail,East,Orissa,Reliance Retail
Reliance Retail Limited-FR67,Direct,Reliance Retail,East,Orissa,Reliance Retail
Reliance Retail Limited-FR69,Direct,Reliance Retail,East,Orissa,Reliance Retail
Reliance Retail Limited-FR73,Direct,Reliance Retail,East,West Bengal,Reliance Retail
Reliance Retail Limited-FR74,Direct,Reliance Retail,East,West Bengal,Reliance Retail
Reliance Retail Limited-FR78,Direct,Reliance Retail,East,West Bengal,Reliance Retail
Reliance Retail Limited-FR92,Direct,Reliance Retail,South-1,Kerala,Reliance Retail
Reliance Retail Limited-FR93,Direct,Reliance Retail,South-1,Kerala,Reliance Retail
Reliance Retail Limited-FR94,Direct,Reliance Retail,South-1,Kerala,Reliance Retail
Reliance Retail Limited-FR95,Direct,Reliance Retail,South-1,Kerala,Reliance Retail
Reliance Retail Limited-FR96,Direct,Reliance Retail,South-1,Kerala,Reliance Retail
Reliance Retail Limited-FR97,Direct,Reliance Retail,South-1,Kerala,Reliance Retail
Reliance Retail Limited-FR98,Direct,Reliance Retail,South-1,Kerala,Reliance Retail
Reliance Retail Limited-FRAR,Direct,Reliance Retail,East,Jharkhand,Reliance Retail
Reliance Retail Limited-FRAU,Direct,Reliance Retail,East,Jharkhand,Reliance Retail
Reliance Retail Limited-FRAW,Direct,Reliance Retail,East,Jharkhand,Reliance Retail
Reliance Retail Limited-FRAY,Direct,Reliance Retail,East,Jharkhand,Reliance Retail
Reliance Retail Limited-FRBC,Direct,Reliance Retail,North,Haryana,Reliance Retail
Reliance Retail Limited-FRBF,Direct,Reliance Retail,North,Uttarakhand,Reliance Retail
Reliance Retail Limited-FRBH,Direct,Reliance Retail,South-2,Telangana,Reliance Retail
Reliance Retail Limited-FRBK,Direct,Reliance Retail,South-2,Telangana,Reliance Retail
Reliance Retail Limited-FRBM,Direct,Reliance Retail,South-2,Telangana,Reliance Retail
Reliance Retail Limited-FRBN,Direct,Reliance Retail,South-2,Telangana,Reliance Retail
Reliance Retail Limited-FRBO,Direct,Reliance Retail,South-2,Telangana,Reliance Retail
Reliance Retail Limited-FRBQ,Direct,Reliance Retail,South-1,Kerala,Reliance Retail
Reliance Retail Limited-FRBV,Direct,Reliance Retail,East,West Bengal,Reliance Retail
Reliance Retail Limited-FRCA,Direct,Reliance Retail,East,West Bengal,Reliance Retail
Reliance Retail Limited-FRCB,Direct,Reliance Retail,East,West Bengal,Reliance Retail
Reliance Retail Limited-FRCC,Direct,Reliance Retail,East,West Bengal,Reliance Retail
Reliance Retail Limited-FRCF,Direct,Reliance Retail,East,West Bengal,Reliance Retail
Reliance Retail Limited-FRCK,Direct,Reliance Retail,East,West Bengal,Reliance Retail
Reliance Retail Limited-FRCL,Direct,Reliance Retail,East,West Bengal,Reliance Retail
Reliance Retail Limited-FRCO,Direct,Reliance Retail,North,Haryana,Reliance Retail
Reliance Retail Limited-FRCX,Direct,Reliance Retail,North,Delhi,Reliance Retail
Reliance Retail Limited-FRDE,Direct,Reliance Retail,North,UPW,Reliance Retail
Reliance Retail Limited-FRDF,Direct,Reliance Retail,North,UPW,Reliance Retail
Reliance Retail Limited-FRDH,Direct,Reliance Retail,North,UPW,Reliance Retail
Reliance Retail Limited-FRDJ,Direct,Reliance Retail,North,UPW,Reliance Retail
Reliance Retail Limited-FRDM,Direct,Reliance Retail,North,UPW,Reliance Retail
Reliance Retail Limited-FRDU,Direct,Reliance Retail,West,Gujarat,Reliance Retail
Reliance Retail Limited-FRDV,Direct,Reliance Retail,West,Gujarat,Reliance Retail
Reliance Retail Limited-FRDY,Direct,Reliance Retail,West,Gujarat,Reliance Retail
Reliance Retail Limited-FRDZ,Direct,Reliance Retail,West,Gujarat,Reliance Retail
Reliance Retail Limited-FREB,Direct,Reliance Retail,West,Gujarat,Reliance Retail
Reliance Retail Limited-FRFJ,Direct,Reliance Retail,South-1,Karnataka,Reliance Retail
Reliance Retail Limited-FRFP,Direct,Reliance Retail,East,Bihar,Reliance Retail
Reliance Retail Limited-FRFQ,Direct,Reliance Retail,South-1,Karnataka,Reliance Retail
Reliance Retail Limited-FRGA,Direct,Reliance Retail,North,Uttarakhand,Reliance Retail
Reliance Retail Limited-FRGN,Direct,Reliance Retail,West,Gujarat,Reliance Retail
Reliance Retail Limited-FRGQ,Direct,Reliance Retail,North,Uttarakhand,Reliance Retail
Reliance Retail Limited-FRGS,Direct,Reliance Retail,East,Bihar,Reliance Retail
Reliance Retail Limited-FRGU,Direct,Reliance Retail,East,Bihar,Reliance Retail
Reliance Retail Limited-FRGX,Direct,Reliance Retail,South-1,Karnataka,Reliance Retail
Reliance Retail Limited-FRHI,Direct,Reliance Retail,South-1,Karnataka,Reliance Retail
Reliance Retail Limited-FRHL,Direct,Reliance Retail,South-1,Karnataka,Reliance Retail
Reliance Retail Limited-FRHT,Direct,Reliance Retail,East,Bihar,Reliance Retail
Reliance Retail Limited-S0GK,Direct,Reliance Retail,South-1,Kerala,Reliance Retail
Reliance Retail Limited-S0IL,Direct,Reliance Retail,South-2,Telangana,Reliance Retail
Reliance Retail Limited-S0KN,Direct,Reliance Retail,South-1,Karnataka,Reliance Retail
Reliance Retail Limited-S2BZ,Direct,Reliance Retail,North,Lucknow_UPE,Reliance Retail
Reliance Retail Limited-S4AT,Direct,Reliance Retail,East,West Bengal,Reliance Retail
Reliance Retail Limited-S4ZK,Direct,Reliance Retail,East,Northeast-Assam,Reliance Retail
Reliance Retail Limited-SAAH,Direct,Reliance Retail,North,UPW,Reliance Retail
Reliance Retail Limited-SK6I,Direct,Reliance Retail,West,Gujarat,Reliance Retail
Reliance Retail Limited-SLET,Direct,Reliance Retail,East,Bihar,Reliance Retail
Reliance Retail Limited-SLG3,Direct,Reliance Retail,South-1,Tamil Nadu,Reliance Retail
Reliance Retail Limited-SLMP,Direct,Reliance Retail,West,Gujarat,Reliance Retail
Reliance Retail Limited-SLS1,Direct,Reliance Retail,South-1,Tamil Nadu,Reliance Retail
Reliance Retail Limited-SLS2,Direct,Reliance Retail,South-2,Andhra Pradesh,Reliance Retail
Reliance Retail Limited-SN1U,Direct,Reliance Retail,East,West Bengal,Reliance Retail
Reliance Retail Limited-SP9K,Direct,Reliance Retail,West,Pune,Reliance Retail
Reliance Retail Limited-Slmr,Direct,Reliance Retail,East,Orissa,Reliance Retail
Reliance Retail Limited-T0BL,Direct,Reliance Retail,South-1,Kerala,Reliance Retail
Reliance Retail Limited-T0BU,Direct,Reliance Retail,South-1,Kerala,Reliance Retail
Reliance Retail Limited-T0BV,Direct,Reliance Retail,South-1,Kerala,Reliance Retail
Reliance Retail Limited-T0CK,Direct,Reliance Retail,South-1,Kerala,Reliance Retail
Reliance Retail Limited-T0MG,Direct,Reliance Retail,South-1,Kerala,Reliance Retail
Reliance Retail Limited-T0Z9,Direct,Reliance Retail,West,Gujarat,Reliance Retail
Reliance Retail Limited-T15Z-OD,Direct,Reliance Retail,East,Odisha,Reliance Retail
Reliance Retail Limited-T1CT,Direct,Reliance Retail,East,West Bengal,Reliance Retail
Reliance Retail Limited-T1NC,Direct,Reliance Retail,South-1,Kerala,Reliance Retail
Reliance Retail Limited-T1NE,Direct,Reliance Retail,East,Bihar,Reliance Retail
Reliance Retail Limited-T1OW,Direct,Reliance Retail,North,UPW,Reliance Retail
Reliance Retail Limited-T1X4,Direct,Reliance Retail,South-1,Kerala,Reliance Retail
Reliance Retail Limited-T27R,Direct,Reliance Retail,South-1,Karnataka,Reliance Retail
Reliance Retail Limited-T2DI,Direct,Reliance Retail,South-1,Karnataka,Reliance Retail
Reliance Retail Limited-T2DO,Direct,Reliance Retail,East,Bihar,Reliance Retail
Reliance Retail Limited-T2EA,Direct,Reliance Retail,East,Bihar,Reliance Retail
Reliance Retail Limited-T37T,Direct,Reliance Retail,North,Lucknow_UPE,Reliance Retail
Reliance Retail Limited-T42N,Direct,Reliance Retail,South-2,Telangana,Reliance Retail
Reliance Retail Limited-T48P,Direct,Reliance Retail,North,Haryana,Reliance Retail
Reliance Retail Limited-T60M,Direct,Reliance Retail,East,Bihar,Reliance Retail
Reliance Retail Limited-T63A,Direct,Reliance Retail,East,Orissa,Reliance Retail
Reliance Retail Limited-T6XJ,Direct,Reliance Retail,South-1,Karnataka,Reliance Retail
Reliance Retail Limited-T84I,Direct,Reliance Retail,North,Haryana,Reliance Retail
Reliance Retail Limited-T84L,Direct,Reliance Retail,West,Gujarat,Reliance Retail
Reliance Retail Limited-T914,Direct,Reliance Retail,North,Punjab,Reliance Retail
Reliance Retail Limited-T915,Direct,Reliance Retail,North,UPW,Reliance Retail
Reliance Retail Limited-T971,Direct,Reliance Retail,North,Haryana,Reliance Retail
Reliance Retail Limited-T9SE,Direct,Reliance Retail,North,Haryana,Reliance Retail
Reliance Retail Limited-TA35,Direct,Reliance Retail,South-1,Kerala,Reliance Retail
Reliance Retail Limited-TA36,Direct,Reliance Retail,South-1,Tamil Nadu,Reliance Retail
Reliance Retail Limited-TA5I,Direct,Reliance Retail,East,Bihar,Reliance Retail
Reliance Retail Limited-TA7A,Direct,Reliance Retail,East,Bihar,Reliance Retail
Reliance Retail Limited-TA7C,Direct,Reliance Retail,North,Himachal Pradesh,Reliance Retail
Reliance Retail Limited-TA9N,Direct,Reliance Retail,East,West Bengal,Reliance Retail
Reliance Retail Limited-TAFW,Direct,Reliance Retail,West,Mumbai,Reliance Retail
Reliance Retail Limited-TAH3,Direct,Reliance Retail,North,Lucknow_UPE,Reliance Retail
Reliance Retail Limited-TAI9,Direct,Reliance Retail,North,Himachal Pradesh,Reliance Retail
Reliance Retail Limited-TAIE,Direct,Reliance Retail,South-1,Tamil Nadu,Reliance Retail
Reliance Retail Limited-TAUX,Direct,Reliance Retail,West,Gujarat,Reliance Retail
Reliance Retail Limited-TB19,Direct,Reliance Retail,South-2,Telangana,Reliance Retail
Reliance Retail Limited-TC74,Direct,Reliance Retail,North,Haryana,Reliance Retail
Reliance Retail Limited-TCD6,Direct,Reliance Retail,South-1,Tamil Nadu,Reliance Retail
Reliance Retail Limited-TD04,Direct,Reliance Retail,East,Jharkhand,Reliance Retail
Reliance Retail Limited-TDF0,Direct,Reliance Retail,North,Haryana,Reliance Retail
Reliance Retail Limited-TE39,Direct,Reliance Retail,South-1,Tamil Nadu,Reliance Retail
Reliance Retail Limited-TEI1,Direct,Reliance Retail,East,West Bengal,Reliance Retail
Reliance Retail Limited-TFY6,Direct,Reliance Retail,South-1,Tamil Nadu,Reliance Retail
Reliance Retail Limited-TG2K,Direct,Reliance Retail,West,Gujarat,Reliance Retail
Reliance Retail Limited-TGL6,Direct,Reliance Retail,North,Madhya Pradesh,Reliance Retail
Reliance Retail Limited-TH93,Direct,Reliance Retail,East,Orissa,Reliance Retail
Reliance Retail Limited-TI67,Direct,Reliance Retail,South-2,Telangana,Reliance Retail
Reliance Retail Limited-TIU6,Direct,Reliance Retail,East,Jharkhand,Reliance Retail
Reliance Retail Limited-TL07,Direct,Reliance Retail,South-2,Telangana,Reliance Retail
Reliance Retail Limited-TL30,Direct,Reliance Retail,North,Delhi,Reliance Retail
Reliance Retail Limited-TM18,Direct,Reliance Retail,South-1,Karnataka,Reliance Retail
Reliance Retail Limited-TM27,Direct,Reliance Retail,East,Orissa,Reliance Retail
Reliance Retail Limited-TMI1,Direct,Reliance Retail,North,Rajasthan,Reliance Retail
Reliance Retail Limited-TMI6,Direct,Reliance Retail,East,Orissa,Reliance Retail
Reliance Retail Limited-TMO2,Direct,Reliance Retail,South-2,Telangana,Reliance Retail
Reliance Retail Limited-TN54,Direct,Reliance Retail,West,Chattishgarh,Reliance Retail
Reliance Retail Limited-TNB5,Direct,Reliance Retail,West,Gujarat,Reliance Retail
Reliance Retail Limited-TNC2,Direct,Reliance Retail,South-1,Tamil Nadu,Reliance Retail
Reliance Retail Limited-TNC5,Direct,Reliance Retail,North,Rajasthan,Reliance Retail
Reliance Retail Limited-TNC7,Direct,Reliance Retail,North,Punjab,Reliance Retail
Reliance Retail Limited-TNC9,Direct,Reliance Retail,South-2,Telangana,Reliance Retail
Reliance Retail Limited-TND1,Direct,Reliance Retail,West,Gujarat,Reliance Retail
Reliance Retail Limited-TND2,Direct,Reliance Retail,South-1,Tamil Nadu,Reliance Retail
Reliance Retail Limited-TND4,Direct,Reliance Retail,East,West Bengal,Reliance Retail
Reliance Retail Limited-TND6,Direct,Reliance Retail,South-1,Tamil Nadu,Reliance Retail
Reliance Retail Limited-TND7,Direct,Reliance Retail,South-1,Tamil Nadu,Reliance Retail
Reliance Retail Limited-TNE1,Direct,Reliance Retail,South-1,Karnataka,Reliance Retail
Reliance Retail Limited-TO19,Direct,Reliance Retail,South-1,Kerala,Reliance Retail
Reliance Retail Limited-TOG3,Direct,Reliance Retail,East,West Bengal,Reliance Retail
Reliance Retail Limited-TOM0,Direct,Reliance Retail,West,Mumbai,Reliance Retail
Reliance Retail Limited-TP06,Direct,Reliance Retail,North,Delhi,Reliance Retail
Reliance Retail Limited-TP23,Direct,Reliance Retail,South-1,Kerala,Reliance Retail
Reliance Retail Limited-TP62,Direct,Reliance Retail,South-2,Telangana,Reliance Retail
Reliance Retail Limited-TQ61,Direct,Reliance Retail,South-1,Kerala,Reliance Retail
Reliance Retail Limited-TR28,Direct,Reliance Retail,South-1,Karnataka,Reliance Retail
Reliance Retail Limited-TR86,Direct,Reliance Retail,East,Sikkim,Reliance Retail
Reliance Retail Limited-TUM6,Direct,Reliance Retail,South-2,Telangana,Reliance Retail
Reliance Retail Limited-TV60,Direct,Reliance Retail,South-2,Telangana,Reliance Retail
Reliance Retail Limited-TW11,Direct,Reliance Retail,North,Delhi,Reliance Retail
Reliance Retail Limited-TXVR,Direct,Reliance Retail,North,Haryana,Reliance Retail
Reliance Retail Limited-TZ03,Direct,Reliance Retail,South-1,Karnataka,Reliance Retail
Reliance Retail Limited-TZ8R,Direct,Reliance Retail,North,Uttarakhand,Reliance Retail
Reliance Retail Limited-TZL5,Direct,Reliance Retail,East,Bihar,Reliance Retail
Reliance Retail Limited-TZUM,Direct,Reliance Retail,South-2,Telangana,Reliance Retail
Reliance Retail Limited-Tna8,Direct,Reliance Retail,West,Gujarat,Reliance Retail
Reliance Retail Limited-Tnd5,Direct,Reliance Retail,West,Gujarat,Reliance Retail
Reliance Retail Limited-ZZI0-B,Direct,Reliance Retail,South-1,Kerala,Reliance Retail
Reliance Retail Limited_2302,Direct,Reliance Retail,East,Jharkhand,Reliance Retail
Reliance Retail Limited_2364,Direct,Reliance Retail,North,Haryana,Reliance Retail
Reliance Retail Limited_2995,Direct,Reliance Retail,North,Haryana,Reliance Retail
Reliance Retail Limited_2996,Direct,Reliance Retail,North,Punjab,Reliance Retail
Reliance Retail Limited_3210,Direct,Reliance Retail,North,Madhya Pradesh,Reliance Retail
Reliance Retail Limited_6209,Direct,Reliance Retail,West,Pune,Reliance Retail
Reliance Retail Limited_6221,Direct,Reliance Retail,West,Mumbai,Reliance Retail
Reliance Retail Limited_6717,Direct,Reliance Retail,North,Rajasthan,Reliance Retail
Reliance Retail Limited_6719,Direct,Reliance Retail,West,Pune,Reliance Retail
Reliance Retail Limited_6722,Direct,Reliance Retail,North,Delhi,Reliance Retail
Reliance Retail Limited_6727,Direct,Reliance Retail,North,Haryana,Reliance Retail
Reliance Retail Limited_FR00,Direct,Reliance Retail,West,Mumbai,Reliance Retail
Reliance Retail Limited_FR03,Direct,Reliance Retail,West,Mumbai,Reliance Retail
Reliance Retail Limited_FR10,Direct,Reliance Retail,West,Mumbai,Reliance Retail
Reliance Retail Limited_FR27,Direct,Reliance Retail,North,Madhya Pradesh,Reliance Retail
Reliance Retail Limited_FR30,Direct,Reliance Retail,North,Madhya Pradesh,Reliance Retail
Reliance Retail Limited_FR60,Direct,Reliance Retail,West,Gujarat,Reliance Retail
Reliance Retail Limited_FR62,Direct,Reliance Retail,East,Orissa,Reliance Retail
Reliance Retail Limited_FR64,Direct,Reliance Retail,East,Orissa,Reliance Retail
Reliance Retail Limited_FR76,Direct,Reliance Retail,East,West Bengal,Reliance Retail
Reliance Retail Limited_FRAQ,Direct,Reliance Retail,East,Jharkhand,Reliance Retail
Reliance Retail Limited_FRAT,Direct,Reliance Retail,East,Jharkhand,Reliance Retail
Reliance Retail Limited_FRBD,Direct,Reliance Retail,North,Punjab,Reliance Retail
Reliance Retail Limited_FRBR,Direct,Reliance Retail,East,West Bengal,Reliance Retail
Reliance Retail Limited_FRBS,Direct,Reliance Retail,East,West Bengal,Reliance Retail
Reliance Retail Limited_FRBU,Direct,Reliance Retail,East,West Bengal,Reliance Retail
Reliance Retail Limited_FRBW,Direct,Reliance Retail,East,West Bengal,Reliance Retail
Reliance Retail Limited_FRCG,Direct,Reliance Retail,East,West Bengal,Reliance Retail
Reliance Retail Limited_FRCH,Direct,Reliance Retail,East,West Bengal,Reliance Retail
Reliance Retail Limited_FRCJ,Direct,Reliance Retail,East,West Bengal,Reliance Retail
Reliance Retail Limited_FRCP,Direct,Reliance Retail,North,Haryana,Reliance Retail
Reliance Retail Limited_FRCQ,Direct,Reliance Retail,North,Haryana,Reliance Retail
Reliance Retail Limited_FRCS,Direct,Reliance Retail,North,Delhi,Reliance Retail
Reliance Retail Limited_FRDA,Direct,Reliance Retail,North,Delhi,Reliance Retail
Reliance Retail Limited_FRDB,Direct,Reliance Retail,North,Delhi,Reliance Retail
Reliance Retail Limited_FRDI,Direct,Reliance Retail,North,UPW,Reliance Retail
Reliance Retail Limited_FRDK,Direct,Reliance Retail,North,UPW,Reliance Retail
Reliance Retail Limited_FRDL,Direct,Reliance Retail,North,UPW,Reliance Retail
Reliance Retail Limited_FRDP,Direct,Reliance Retail,North,Rajasthan,Reliance Retail
Reliance Retail Limited_FRDT,Direct,Reliance Retail,North,Rajasthan,Reliance Retail
Reliance Retail Limited_FREM,Direct,Reliance Retail,North,Rajasthan,Reliance Retail
Reliance Retail Limited_FRER,Direct,Reliance Retail,North,Rajasthan,Reliance Retail
Reliance Retail Limited_FREX,Direct,Reliance Retail,North,Lucknow_UPE,Reliance Retail
Reliance Retail Limited_FRFA,Direct,Reliance Retail,North,Lucknow_UPE,Reliance Retail
Reliance Retail Limited_FRFD,Direct,Reliance Retail,East,Orissa,Reliance Retail
Reliance Retail Limited_FRFK,Direct,Reliance Retail,North,Lucknow_UPE,Reliance Retail
Reliance Retail Limited_FRFR,Direct,Reliance Retail,North,Uttarakhand,Reliance Retail
Reliance Retail Limited_FRFU,Direct,Reliance Retail,East,Bihar,Reliance Retail
Reliance Retail Limited_FRFV,Direct,Reliance Retail,East,Bihar,Reliance Retail
Reliance Retail Limited_FRGC,Direct,Reliance Retail,North,Lucknow_UPE,Reliance Retail
Reliance Retail Limited_FRGF,Direct,Reliance Retail,North,Lucknow_UPE,Reliance Retail
Reliance Retail Limited_FRGK,Direct,Reliance Retail,North,Jammu,Reliance Retail
Reliance Retail Limited_FRGM,Direct,Reliance Retail,West,Chattishgarh,Reliance Retail
Reliance Retail Limited_FRGW,Direct,Reliance Retail,North,Lucknow_UPE,Reliance Retail
Reliance Retail Limited_FRHC,Direct,Reliance Retail,North,Lucknow_UPE,Reliance Retail
Reliance Retail Limited_FRHF,Direct,Reliance Retail,North,Lucknow_UPE,Reliance Retail
Reliance Retail Limited_FRHM,Direct,Reliance Retail,North,Madhya Pradesh,Reliance Retail
Reliance Retail Limited_FRHR,Direct,Reliance Retail,North,Lucknow_UPE,Reliance Retail
Reliance Retail Limited_FRLF,Direct,Reliance Retail,East,West Bengal,Reliance Retail
Reliance Retail Limited_Fr87,Direct,Reliance Retail,North,Haryana,Reliance Retail
Reliance Retail Limited_Fr89,Direct,Reliance Retail,North,UPW,Reliance Retail
Reliance Retail Limited_Fraz,Direct,Reliance Retail,North,Punjab,Reliance Retail
Reliance Retail Limited_S0IX,Direct,Reliance Retail,West,Pune,Reliance Retail
Reliance Retail Limited_S0XE,Direct,Reliance Retail,South-1,Kerala,Reliance Retail
Reliance Retail Limited_SAHO,Direct,Reliance Retail,South-1,Tamil Nadu,Reliance Retail
Reliance Retail Limited_SAOS,Direct,Reliance Retail,East,West Bengal,Reliance Retail
Reliance Retail Limited_SL6S,Direct,Reliance Retail,North,Rajasthan,Reliance Retail
Reliance Retail Limited_SZ9J,Direct,Reliance Retail,North,Madhya Pradesh,Reliance Retail
Reliance Retail Limited_Sb01,Direct,Reliance Retail,West,Mumbai,Reliance Retail
Reliance Retail Limited_Sk8I,Direct,Reliance Retail,North,Uttarakhand,Reliance Retail
Reliance Retail Limited_T62I,Direct,Reliance Retail,West,Chattishgarh,Reliance Retail
Reliance Retail Limited_T913,Direct,Reliance Retail,North,UPW,Reliance Retail
Reliance Retail Limited_T946,Direct,Reliance Retail,North,Rajasthan,Reliance Retail
Reliance Retail Limited_TB15,Direct,Reliance Retail,North,Madhya Pradesh,Reliance Retail
Reliance Retail Limited_TDC7,Direct,Reliance Retail,East,Orissa,Reliance Retail
Reliance Retail Limited_TDE3,Direct,Reliance Retail,West,Pune,Reliance Retail
Reliance Retail Limited_TE57,Direct,Reliance Retail,North,Punjab,Reliance Retail
Reliance Retail Limited_TFY8,Direct,Reliance Retail,North,Madhya Pradesh,Reliance Retail
Reliance Retail Limited_TG87,Direct,Reliance Retail,South-1,Kerala,Reliance Retail
Reliance Retail Limited_TH94,Direct,Reliance Retail,North,Rajasthan,Reliance Retail
Reliance Retail Limited_TI77,Direct,Reliance Retail,North,UPW,Reliance Retail
Reliance Retail Limited_TK48,Direct,Reliance Retail,East,Jharkhand,Reliance Retail
Reliance Retail Limited_TMW7,Direct,Reliance Retail,West,Mumbai,Reliance Retail
Reliance Retail Limited_TMZ5,Direct,Reliance Retail,East,West Bengal,Reliance Retail
Reliance Retail Limited_TN55,Direct,Reliance Retail,East,West Bengal,Reliance Retail
Reliance Retail Limited_TN56,Direct,Reliance Retail,East,Orissa,Reliance Retail
Reliance Retail Limited_TNB7,Direct,Reliance Retail,West,Chattishgarh,Reliance Retail
Reliance Retail Limited_TNC1,Direct,Reliance Retail,North,Uttarakhand,Reliance Retail
Reliance Retail Limited_TNC6,Direct,Reliance Retail,North,Punjab,Reliance Retail
Reliance Retail Limited_TNC8,Direct,Reliance Retail,South-1,Karnataka,Reliance Retail
Reliance Retail Limited_TND0,Direct,Reliance Retail,South-1,Karnataka,Reliance Retail
Reliance Retail Limited_TNE3,Direct,Reliance Retail,North,Uttarakhand,Reliance Retail
Reliance Retail Limited_TNP8,Direct,Reliance Retail,West,Pune,Reliance Retail
Reliance Retail Limited_TO20,Direct,Reliance Retail,North,Madhya Pradesh,Reliance Retail
Reliance Retail Limited_TOJ6,Direct,Reliance Retail,West,Mumbai,Reliance Retail
Reliance Retail Limited_TP05,Direct,Reliance Retail,North,Haryana,Reliance Retail
Reliance Retail Limited_TP75,Direct,Reliance Retail,North,Madhya Pradesh,Reliance Retail
Reliance Retail Limited_TP76,Direct,Reliance Retail,North,Rajasthan,Reliance Retail
Reliance Retail Limited_TQ21,Direct,Reliance Retail,West,Mumbai,Reliance Retail
Reliance Retail Limited_TQ22,Direct,Reliance Retail,East,West Bengal,Reliance Retail
Reliance Retail Limited_TU21,Direct,Reliance Retail,North,Delhi,Reliance Retail
Reliance Retail Limited_TW60,Direct,Reliance Retail,East,Orissa,Reliance Retail
Reliance Retail Limited_TY87,Direct,Reliance Retail,North,Rajasthan,Reliance Retail
Reliance Retail Ltd (Azorte),Direct,Azorte,West,Mumbai,Azorte
Reliance Retail Ltd (Azorte)_Shipto,Direct,Azorte,West,Mumbai,Azorte
Reliance Retail Ltd _Madhavaram- TNB8,Direct,Reliance Retail,South-1,Tamil Nadu,Reliance Retail
Reliance Retail Ltd _Mysore_2994,Direct,Reliance Retail,South-1,Karnataka,Reliance Retail
Reliance Retail Ltd _RAJAJI NAGAR- FR49,Direct,Reliance Retail,South-1,Karnataka,Reliance Retail
Reliance Retail Ltd_Davanagere- TNC0,Direct,Reliance Retail,South-1,Karnataka,Reliance Retail
Reliance Retail Ltd_Hubballi_2997,Direct,Reliance Retail,South-1,Karnataka,Reliance Retail
Reliance Retail Ltd_Nagercoil- 3338,Direct,Reliance Retail,South-1,Tamil Nadu,Reliance Retail
S M AGENCIES_MT,Dist.,Pothys,South-1,Tamil Nadu,Pothys
SAI SAACHI ASSOCIATES-MT-OR,Dist.,V-Mart,East,Orissa,D-Mart; Reliance Retail; V-Mart; Vishal Mega Mart
SC BUSINESS COMBINE_MT,Dist.,V-Mart,East,Northeast-Assam,G N R C Medishop Pvt Ltd; Sohum Shoppe; V-Mart
SRIJAN ENTERPRISES-MT-JH,Dist.,Vishal Mega Mart,East,Jharkhand,Apna Mart; Vishal Mega Mart
Sancus Networks Private Limited-RMT,Dist.,RMT-Sancus,North,Delhi,Deal Share; Medanta; More Retail; RMT-Sancus; Vishal Mega Mart
Sathyashree Enterprises-Mt,Dist.,D-Mart,South-1,Karnataka,D-Mart
Sehaj Enterprises -MT-JK,Dist.,Vishal Mega Mart,North,Jammu,Vishal Mega Mart
Shoppers Stop Ltd - 8523,Direct,Shoppers Stop,South-1,Karnataka,Shoppers Stop
Shoppers Stop Ltd- Quest Mall-8713Brand Factory,Direct,Shoppers Stop,East,West Bengal,Shoppers Stop
Shoppers Stop Ltd-Acropolis-496,Direct,Shoppers Stop,East,West Bengal,Shoppers Stop
Shoppers Stop Ltd-Beauty Infiniti-8705,Direct,Shoppers Stop,West,Mumbai,Shoppers Stop
Shoppers Stop Ltd-Beauty Pmc-8702,Direct,Shoppers Stop,West,Mumbai,Shoppers Stop
Shoppers Stop Ltd-Guwahati City Center,Direct,Shoppers Stop,East,Northeast-Assam,Shoppers Stop
Shoppers Stop Ltd-Inorbit Mallteleng-154,Direct,Shoppers Stop,South-2,Telangana,Shoppers Stop
Shoppers Stop Ltd-Juhu-117,Direct,Shoppers Stop,West,Mumbai,Shoppers Stop
Shoppers Stop Ltd-Kochi-8530,Direct,Shoppers Stop,South-1,Kerala,Shoppers Stop
Shoppers Stop Ltd-Lulu Mall-851,Direct,Shoppers Stop,South-1,Kerala,Shoppers Stop
Shoppers Stop Ltd-Mall Of Jaipur-358,Direct,Shoppers Stop,North,Rajasthan,Shoppers Stop
Shoppers Stop Ltd-Manupasna-280,Direct,Shoppers Stop,North,Rajasthan,Shoppers Stop
Shoppers Stop Ltd-New Town Kolkata-,Direct,Shoppers Stop,East,West Bengal,Shoppers Stop
Shoppers Stop Ltd-Nucleus Mall-312,Direct,Shoppers Stop,East,Jharkhand,Shoppers Stop
Shoppers Stop Ltd-PMC Chennai-8708Brand Factory,Direct,Shoppers Stop,South-1,Tamil Nadu,Shoppers Stop
Shoppers Stop Ltd-SSB Noida-8717Brand Factory,Direct,Shoppers Stop,North,UPW,Shoppers Stop
Shoppers Stop Ltd-Saket-127,Direct,Shoppers Stop,North,Delhi,Shoppers Stop
Shoppers Stop Ltd-Saket-8707,Direct,Shoppers Stop,North,Delhi,Shoppers Stop
Shoppers Stop Ltd-Sambhajinagar-150,Direct,Shoppers Stop,West,Pune,Shoppers Stop
Shoppers Stop Ltd-Shillong-8524,Direct,Shoppers Stop,East,Northeast-Assam,Shoppers Stop
Shoppers Stop Ltd-Siliguri-167,Direct,Shoppers Stop,East,West Bengal,Shoppers Stop
Shoppers Stop Ltd-The Great  Place-130,Direct,Shoppers Stop,North,UPW,Shoppers Stop
Shoppers Stop Pvt Ltd-330,Direct,Shoppers Stop,North,Uttarakhand,Shoppers Stop
Sri Lalitha Enterprises,Dist.,Pothys,South-1,Tamil Nadu,Grace Super MKT; Pothys; Sarvana
Sri Vijaya Durga Agencies_Mt,Dist.,Health & Glow,South-2,Andhra Pradesh,Apollo; D-Mart; Health & Glow; More Retail; Reliance Retail; Spencers; Vishal Mega Mart
Swastik Marketing,Dist.,Vishal Mega Mart,North,Rajasthan,Vishal Mega Mart
THINK9 RETAIL PRIVATE LIMITED_Ship To,Direct,Broadway,West,Pune,Broadway
TNSI Retail Private Limited-Rithala,Direct,WH-Smith,North,Delhi,WH-Smith
Think9 Retail Private Ltd,Direct,Broadway,North,Delhi,Broadway
Think9 Retail Private Ltd_Bill To,Direct,Broadway,South-2,Telangana,Broadway
Tnsi Retail Pvt Ltd_Sultanpur,Direct,WH-Smith,North,Haryana,WH-Smith
Travel News Services India Pvt Ltd,Direct,WH-Smith,South-1,Tamil Nadu,WH-Smith
Travel News Services India Pvt Ltd(Cochin),Direct,WH-Smith,South-1,Kerala,WH-Smith
Travel News Services India Pvt Ltd(Hyd),Direct,WH-Smith,South-2,Telangana,WH-Smith
Travel News Services India Pvt Ltd(Wb),Direct,WH-Smith,East,West Bengal,WH-Smith
Travel News Services India Pvt Ltd- RJWsmith-SHA,Direct,WH-Smith,North,Rajasthan,WH-Smith
Travel Retail Services Pvt Ltd- GOA_Ship,Direct,Relay,West,Goa,Relay
Travel Retail Services Pvt Ltd_Blr,Direct,Relay,South-1,Karnataka,Relay
Travel Retail Services Pvt Ltd_Del,Direct,Relay,North,Delhi,Relay
Travel Retail Services Pvt Ltd_Hyd,Direct,Relay,South-2,Telangana,Relay
Trent Hypermarket Private Limited-P,Direct,Trent,West,Pune,Trent
Trent Hypermarket Private Limited_Blr,Direct,Trent,South-1,Karnataka,Trent
Trent Hypermarket Private Limited_Mah,Direct,Trent,West,Mumbai,Trent
United Marketing_Mt,Dist.,Apollo,West,Goa,Apollo
United Marketing_Mt-Ship to,Dist.,Apollo,West,Goa,Apollo
V-Mart Retail Limited-148-BIRSA-JH,Direct,V-Mart,East,Jharkhand,V-Mart
V-Mart Retail Limited-478-BARPETA-AS,Direct,V-Mart,East,Northeast-Assam,V-Mart
V-Mart Retail Limited-563-HAZARIBAGH-JH,Direct,V-Mart,East,Jharkhand,V-Mart
V-Mart Retail Limited-567-CUTTACK-OR,Direct,V-Mart,East,Orissa,V-Mart
V-Mart Retail Limited-629-UDAIPUR-TR,Direct,V-Mart,East,Tripura,V-Mart
V-Mart Retail Limited-AR-1,Direct,V-Mart,East,Northeast-Assam,V-Mart
V-Mart Retail Limited-Bardham-WB,Direct,V-Mart,East,West Bengal,V-Mart
V-Mart Retail Limited-Belonia,Direct,V-Mart,East,Tripura,V-Mart
V-Mart Retail Limited-Hooghly-WB,Direct,V-Mart,East,West Bengal,V-Mart
V-Mart Retail Limited-KA,Direct,V-Mart,South-1,Karnataka,V-Mart
V-Mart Retail Limited-OR,Direct,V-Mart,East,Orissa,V-Mart
V-Mart Retail Limited-Palwal,Direct,V-Mart,North,Haryana,V-Mart
V-Mart Retail Limited-Sonitpur-AS,Direct,V-Mart,East,Northeast-Assam,V-Mart
V-Mart Retail Limited-Sualkuchi-AS,Direct,V-Mart,East,Northeast-Assam,V-Mart
V-Mart Retail Limited-TR,Direct,V-Mart,East,Tripura,V-Mart
V-Mart Retail Limited-TR-2,Direct,V-Mart,East,Tripura,V-Mart
V-Mart Retail Limited-Tura-ML,Direct,V-Mart,East,Meghalaya,V-Mart
V-Mart Retail Limited-WB,Direct,V-Mart,East,West Bengal,V-Mart
VENKATESHWARA AGENCIES-TG,Dist.,Health & Glow,South-2,Telangana,Apollo; B&N; Health & Glow; Lulu; More Retail; National Mart; Ratnadeep; Spencers
VISHAL ENTERPRISES_Solapur,Dist.,D-Mart,West,Pune,D-Mart
Vanaja Agencies MT_Dmart,Dist.,D-Mart,South-2,Telangana,D-Mart
Vanaja Agencies_Mt,Dist.,Reliance Retail,South-2,Telangana,Apollo; B&N; D-Mart; Health & Glow; Lulu; More Retail; Ratnadeep; Reliance Retail; Vijetha
Wal-Mart India Private Limited 4702,Direct,Walmart CNC,North,Punjab,Walmart CNC
Wal-Mart India Private Limited 4703,Direct,Walmart CNC,North,Punjab,Walmart CNC
Wal-Mart India Private Limited 4706,Direct,Walmart CNC,North,Punjab,Walmart CNC
Wal-Mart India Private Limited 4712,Direct,Walmart CNC,North,Madhya Pradesh,Walmart CNC
Wal-Mart India Private Limited 4713,Direct,Walmart CNC,North,Rajasthan,Walmart CNC
Wal-Mart India Private Limited 4716,Direct,Walmart CNC,West,Chattishgarh,Walmart CNC
Wal-Mart India Private Limited 4717,Direct,Walmart CNC,North,Punjab,Walmart CNC
Wal-Mart India Private Limited 4719,Direct,Walmart CNC,North,Jammu,Walmart CNC
Wal-Mart India Private Limited 4720,Direct,Walmart CNC,North,UPW,Walmart CNC
Wal-Mart India Private Limited 4721,Direct,Walmart CNC,South-2,Andhra Pradesh,Walmart CNC
Wal-Mart India Private Limited 4723,Direct,Walmart CNC,North,Lucknow_UPE,Walmart CNC
Wal-Mart India Private Limited 4724,Direct,Walmart CNC,West,Pune,Walmart CNC
Wal-Mart India Private Limited 4725,Direct,Walmart CNC,South-2,Andhra Pradesh,Walmart CNC
Wal-Mart India Private Limited 4727,Direct,Walmart CNC,North,Lucknow_UPE,Walmart CNC
Wal-Mart India Private Limited 4729,Direct,Walmart CNC,North,Madhya Pradesh,Walmart CNC
Wal-Mart India Private Limited 4734,Direct,Walmart CNC,South-2,Telangana,Walmart CNC
Wal-Mart India Private Limited 4742,Direct,Walmart CNC,South-2,Andhra Pradesh,Walmart CNC
Wal-Mart India Private Limited 4744,Direct,Walmart CNC,West,Pune,Walmart CNC
Wal-Mart India Private Limited 4760,Direct,Walmart CNC,North,Madhya Pradesh,Walmart CNC
Wal-Mart India Private Limited 4797,Direct,Walmart CNC,North,Lucknow_UPE,Walmart CNC
Wal-Mart India Private Limited 4799,Direct,Walmart CNC,South-2,Andhra Pradesh,Walmart CNC
Wal-Mart India Private Limited 4801,Direct,Walmart CNC,North,Punjab,Walmart CNC
Wal-Mart India Private Limited 4803,Direct,Walmart CNC,North,Madhya Pradesh,Walmart CNC
Wal-Mart India Private Limited 4805,Direct,Walmart CNC,South-2,Andhra Pradesh,Walmart CNC
Wal-Mart India Private Limited 4813,Direct,Walmart CNC,South-2,Telangana,Walmart CNC
Wal-Mart India Private Limited 4814,Direct,Walmart CNC,South-2,Andhra Pradesh,Walmart CNC
Wellness Forever Medicare Ltd,Direct,Wellness Forever,West,Mumbai,Wellness Forever
