Priority Buckets,Chain Name,Ship-To Name,Bill-To / Account (inferred),Direct/Distributor,Brand,Month Logic,Months Covered,Month Range,Avg Cont%,Min Cont%,Max Cont%,Mapping Confidence,Remarks,Pri: Low Confidence,Pri: Medium Confidence,Pri: Multi-Chain Distributor,Pri: Negative NSV/Cont,Pri: Name Variant (Merge Candidate),Validation Status,Validated Chain,Validated Account / Bill-To,Mapping Action,Validation Remarks,Validated By,Validated Date
1-Low Conf; 4-Negative; 5-Name Variant; 3-Multi-Chain Dist,B&N,Az Enterprises,Az Enterprises,Dist.,Aqualogica,Monthly dynamic Cont% (secondary-driven),5,Dec'25–May'26,4.61,-0.24,16.33,Low,Multi-chain distributor; split by secondary Cont% — validate (9 chains); account has 2 ship-to variants/branches — confirm roll-up; NEGATIVE NSV/Cont — review,Y,,Y,Y,Y,Pending,,,Merge,,,
1-Low Conf; 4-Negative; 5-Name Variant; 3-Multi-Chain Dist,B&N,Az Enterprises(Apollo/More)Mt,Az Enterprises,Dist.,Mamaearth,Monthly dynamic Cont% (secondary-driven),5,Jul'25–Feb'26,0.16,-0.02,0.46,Low,Multi-chain distributor; split by secondary Cont% — validate (9 chains); account has 2 ship-to variants/branches — confirm roll-up; NEGATIVE NSV/Cont — review,Y,,Y,Y,Y,Pending,,,Merge,,,
1-Low Conf; 4-Negative; 3-Multi-Chain Dist,B&N,VENKATESHWARA AGENCIES-TG,VENKATESHWARA AGENCIES,Dist.,Aqualogica,Monthly dynamic Cont% (secondary-driven),3,Jan'26–Mar'26,5.8,-4.35,14.93,Low,Multi-chain distributor; split by secondary Cont% — validate (8 chains); NEGATIVE NSV/Cont — review,Y,,Y,Y,,Pending,,,Needs Check,,,
1-Low Conf; 4-Negative; 3-Multi-Chain Dist,B&N,VENKATESHWARA AGENCIES-TG,VENKATESHWARA AGENCIES,Dist.,BBlunt,Monthly dynamic Cont% (secondary-driven),3,Jan'26–Mar'26,17.45,-4.51,39.33,Low,Multi-chain distributor; split by secondary Cont% — validate (8 chains); NEGATIVE NSV/Cont — review,Y,,Y,Y,,Pending,,,Needs Check,,,
1-Low Conf; 4-Negative; 3-Multi-Chain Dist,B&N,VENKATESHWARA AGENCIES-TG,VENKATESHWARA AGENCIES,Dist.,Mamaearth,Monthly dynamic Cont% (secondary-driven),3,Jan'26–Mar'26,0.45,-0.01,0.72,Low,Multi-chain distributor; split by secondary Cont% — validate (8 chains); NEGATIVE NSV/Cont — review,Y,,Y,Y,,Pending,,,Needs Check,,,
1-Low Conf; 4-Negative; 5-Name Variant; 3-Multi-Chain Dist,Frank Ross,Az Enterprises(Apollo/More)Mt,Az Enterprises,Dist.,Mamaearth,Monthly dynamic Cont% (secondary-driven),9,Apr'25–Feb'26,2.99,-0.04,24.01,Low,Multi-chain distributor; split by secondary Cont% — validate (9 chains); account has 2 ship-to variants/branches — confirm roll-up; NEGATIVE NSV/Cont — review,Y,,Y,Y,Y,Pending,,,Merge,,,
1-Low Conf; 4-Negative; 5-Name Variant; 3-Multi-Chain Dist,More Retail,Az Enterprises(Apollo/More)Mt,Az Enterprises,Dist.,Mamaearth,Monthly dynamic Cont% (secondary-driven),13,Apr'25–May'26,41.22,-2.96,100.0,Low,Multi-chain distributor; chain name in ship-to (9 chains); account has 2 ship-to variants/branches — confirm roll-up; NEGATIVE NSV/Cont — review,Y,,Y,Y,Y,Pending,,,Merge,,,
1-Low Conf; 4-Negative; 3-Multi-Chain Dist,Spencers,D.L. Sales - MT,D.L. Sales,Dist.,Aqualogica,Monthly dynamic Cont% (secondary-driven),7,Apr'25–Apr'26,23.65,-0.19,60.35,Low,Multi-chain distributor; split by secondary Cont% — validate (13 chains); NEGATIVE NSV/Cont — review,Y,,Y,Y,,Pending,,,Needs Check,,,
5-Name Variant,Apollo,APOLLO HEALTHCO LIMITED-WB,APOLLO HEALTHCO LIMITED,Direct,Aqualogica,Monthly dynamic Cont% (secondary-driven),1,May'25–May'25,100.0,100.0,100.0,High,Direct ship-to → single chain (1:1); account has 2 ship-to variants/branches — confirm roll-up,,,,,Y,Pending,,,Merge,,,
5-Name Variant,Apollo,APOLLO HEALTHCO LIMITED-WB,APOLLO HEALTHCO LIMITED,Direct,Mamaearth,Monthly dynamic Cont% (secondary-driven),1,May'25–May'25,100.0,100.0,100.0,High,Direct ship-to → single chain (1:1); account has 2 ship-to variants/branches — confirm roll-up,,,,,Y,Pending,,,Merge,,,
5-Name Variant,Apollo,APOLLO HEALTHCO LIMITED-WB,APOLLO HEALTHCO LIMITED,Direct,The Derma Co.,Monthly dynamic Cont% (secondary-driven),1,May'25–May'25,100.0,100.0,100.0,High,Direct ship-to → single chain (1:1); account has 2 ship-to variants/branches — confirm roll-up,,,,,Y,Pending,,,Merge,,,
5-Name Variant,Apollo,APOLLO HEALTHCO LIMITED-WB-2,APOLLO HEALTHCO LIMITED,Direct,Aqualogica,Monthly dynamic Cont% (secondary-driven),3,May'25–Aug'25,100.0,100.0,100.0,High,Direct ship-to → single chain (1:1); account has 2 ship-to variants/branches — confirm roll-up,,,,,Y,Pending,,,Merge,,,
5-Name Variant,Apollo,APOLLO HEALTHCO LIMITED-WB-2,APOLLO HEALTHCO LIMITED,Direct,Mamaearth,Monthly dynamic Cont% (secondary-driven),14,Apr'25–May'26,100.0,100.0,100.0,High,Direct ship-to → single chain (1:1); account has 2 ship-to variants/branches — confirm roll-up,,,,,Y,Pending,,,Merge,,,
5-Name Variant,Apollo,APOLLO HEALTHCO LIMITED-WB-2,APOLLO HEALTHCO LIMITED,Direct,The Derma Co.,Monthly dynamic Cont% (secondary-driven),9,Sep'25–May'26,100.0,100.0,100.0,High,Direct ship-to → single chain (1:1); account has 2 ship-to variants/branches — confirm roll-up,,,,,Y,Pending,,,Merge,,,
5-Name Variant; 3-Multi-Chain Dist; 2-Medium Conf,Apollo,Az Enterprises,Az Enterprises,Dist.,BBlunt,Monthly dynamic Cont% (secondary-driven),1,Apr'26–Apr'26,13.71,13.71,13.71,Medium,Multi-chain distributor; split by secondary Cont% — validate (9 chains); account has 2 ship-to variants/branches — confirm roll-up,,Y,Y,,Y,Pending,,,Merge,,,
5-Name Variant; 3-Multi-Chain Dist; 2-Medium Conf,Apollo,Az Enterprises,Az Enterprises,Dist.,Mamaearth,Monthly dynamic Cont% (secondary-driven),5,Dec'25–May'26,39.87,16.6,59.0,Medium,Multi-chain distributor; split by secondary Cont% — validate (9 chains); account has 2 ship-to variants/branches — confirm roll-up,,Y,Y,,Y,Pending,,,Merge,,,
5-Name Variant; 3-Multi-Chain Dist; 2-Medium Conf,Apollo,Az Enterprises,Az Enterprises,Dist.,The Derma Co.,Monthly dynamic Cont% (secondary-driven),5,Dec'25–May'26,43.52,16.43,61.29,Medium,Multi-chain distributor; split by secondary Cont% — validate (9 chains); account has 2 ship-to variants/branches — confirm roll-up,,Y,Y,,Y,Pending,,,Merge,,,
5-Name Variant; 3-Multi-Chain Dist,Apollo,Az Enterprises(Apollo/More)Mt,Az Enterprises,Dist.,Aqualogica,Monthly dynamic Cont% (secondary-driven),6,Apr'25–Sep'25,10.19,0.86,31.39,High,Multi-chain distributor; chain name in ship-to (9 chains); account has 2 ship-to variants/branches — confirm roll-up,,,Y,,Y,Pending,,,Merge,,,
5-Name Variant; 3-Multi-Chain Dist,Apollo,Az Enterprises(Apollo/More)Mt,Az Enterprises,Dist.,BBlunt,Monthly dynamic Cont% (secondary-driven),1,Mar'26–Mar'26,100.0,100.0,100.0,High,Multi-chain distributor; chain name in ship-to (9 chains); account has 2 ship-to variants/branches — confirm roll-up,,,Y,,Y,Pending,,,Merge,,,
5-Name Variant; 3-Multi-Chain Dist,Apollo,Az Enterprises(Apollo/More)Mt,Az Enterprises,Dist.,Mamaearth,Monthly dynamic Cont% (secondary-driven),9,Apr'25–Feb'26,36.57,0.69,63.07,High,Multi-chain distributor; chain name in ship-to (9 chains); account has 2 ship-to variants/branches — confirm roll-up,,,Y,,Y,Pending,,,Merge,,,
5-Name Variant; 3-Multi-Chain Dist,Apollo,Az Enterprises(Apollo/More)Mt,Az Enterprises,Dist.,The Derma Co.,Monthly dynamic Cont% (secondary-driven),8,Apr'25–Feb'26,35.92,20.73,62.01,High,Multi-chain distributor; chain name in ship-to (9 chains); account has 2 ship-to variants/branches — confirm roll-up,,,Y,,Y,Pending,,,Merge,,,
5-Name Variant,Apollo,United Marketing_Mt,United Marketing,Dist.,Mamaearth,Monthly dynamic Cont% (secondary-driven),2,Sep'25–Feb'26,100.0,100.0,100.0,High,Distributor serving a single chain; account has 2 ship-to variants/branches — confirm roll-up,,,,,Y,Pending,,,Merge,,,
5-Name Variant,Apollo,United Marketing_Mt,United Marketing,Dist.,The Derma Co.,Monthly dynamic Cont% (secondary-driven),1,Feb'26–Feb'26,100.0,100.0,100.0,High,Distributor serving a single chain; account has 2 ship-to variants/branches — confirm roll-up,,,,,Y,Pending,,,Merge,,,
5-Name Variant,Apollo,United Marketing_Mt-Ship to,United Marketing,Dist.,Mamaearth,Monthly dynamic Cont% (secondary-driven),14,Apr'25–May'26,100.0,100.0,100.0,High,Distributor serving a single chain; account has 2 ship-to variants/branches — confirm roll-up,,,,,Y,Pending,,,Merge,,,
5-Name Variant,Azorte,Reliance Retail Ltd (Azorte),Reliance Retail Ltd,Direct,Aqualogica,Monthly dynamic Cont% (secondary-driven),3,Sep'25–Nov'25,100.0,100.0,100.0,High,Direct ship-to → single chain (1:1); account has 2 ship-to variants/branches — confirm roll-up,,,,,Y,Pending,,,Merge,,,
5-Name Variant,Azorte,Reliance Retail Ltd (Azorte),Reliance Retail Ltd,Direct,Mamaearth,Monthly dynamic Cont% (secondary-driven),3,Sep'25–Nov'25,100.0,100.0,100.0,High,Direct ship-to → single chain (1:1); account has 2 ship-to variants/branches — confirm roll-up,,,,,Y,Pending,,,Merge,,,
5-Name Variant,Azorte,Reliance Retail Ltd (Azorte),Reliance Retail Ltd,Direct,The Derma Co.,Monthly dynamic Cont% (secondary-driven),3,Sep'25–Nov'25,100.0,100.0,100.0,High,Direct ship-to → single chain (1:1); account has 2 ship-to variants/branches — confirm roll-up,,,,,Y,Pending,,,Merge,,,
5-Name Variant,Azorte,Reliance Retail Ltd (Azorte)_Shipto,Reliance Retail Ltd,Direct,Aqualogica,Monthly dynamic Cont% (secondary-driven),10,Aug'25–May'26,100.0,100.0,100.0,High,Direct ship-to → single chain (1:1); account has 2 ship-to variants/branches — confirm roll-up,,,,,Y,Pending,,,Merge,,,
5-Name Variant,Azorte,Reliance Retail Ltd (Azorte)_Shipto,Reliance Retail Ltd,Direct,BBlunt,Monthly dynamic Cont% (secondary-driven),2,Sep'25–Oct'25,100.0,100.0,100.0,High,Direct ship-to → single chain (1:1); account has 2 ship-to variants/branches — confirm roll-up,,,,,Y,Pending,,,Merge,,,
5-Name Variant,Azorte,Reliance Retail Ltd (Azorte)_Shipto,Reliance Retail Ltd,Direct,Dr. Sheth's,Monthly dynamic Cont% (secondary-driven),4,Sep'25–Mar'26,100.0,100.0,100.0,High,Direct ship-to → single chain (1:1); account has 2 ship-to variants/branches — confirm roll-up,,,,,Y,Pending,,,Merge,,,
5-Name Variant,Azorte,Reliance Retail Ltd (Azorte)_Shipto,Reliance Retail Ltd,Direct,Mamaearth,Monthly dynamic Cont% (secondary-driven),11,May'25–May'26,100.0,100.0,100.0,High,Direct ship-to → single chain (1:1); account has 2 ship-to variants/branches — confirm roll-up,,,,,Y,Pending,,,Merge,,,
5-Name Variant,Azorte,Reliance Retail Ltd (Azorte)_Shipto,Reliance Retail Ltd,Direct,The Derma Co.,Monthly dynamic Cont% (secondary-driven),11,May'25–May'26,100.0,100.0,100.0,High,Direct ship-to → single chain (1:1); account has 2 ship-to variants/branches — confirm roll-up,,,,,Y,Pending,,,Merge,,,
5-Name Variant; 3-Multi-Chain Dist; 2-Medium Conf,B&N,Az Enterprises,Az Enterprises,Dist.,BBlunt,Monthly dynamic Cont% (secondary-driven),2,Apr'26–May'26,5.79,2.92,8.67,Medium,Multi-chain distributor; split by secondary Cont% — validate (9 chains); account has 2 ship-to variants/branches — confirm roll-up,,Y,Y,,Y,Pending,,,Merge,,,
5-Name Variant; 3-Multi-Chain Dist; 2-Medium Conf,B&N,Az Enterprises,Az Enterprises,Dist.,Mamaearth,Monthly dynamic Cont% (secondary-driven),4,Dec'25–May'26,0.35,0.06,0.76,Medium,Multi-chain distributor; split by secondary Cont% — validate (9 chains); account has 2 ship-to variants/branches — confirm roll-up,,Y,Y,,Y,Pending,,,Merge,,,
5-Name Variant; 3-Multi-Chain Dist; 2-Medium Conf,B&N,Az Enterprises,Az Enterprises,Dist.,The Derma Co.,Monthly dynamic Cont% (secondary-driven),4,Dec'25–May'26,0.77,0.38,1.23,Medium,Multi-chain distributor; split by secondary Cont% — validate (9 chains); account has 2 ship-to variants/branches — confirm roll-up,,Y,Y,,Y,Pending,,,Merge,,,
5-Name Variant; 3-Multi-Chain Dist; 2-Medium Conf,B&N,Az Enterprises(Apollo/More)Mt,Az Enterprises,Dist.,Aqualogica,Monthly dynamic Cont% (secondary-driven),2,Jul'25–Aug'25,12.21,4.81,19.6,Medium,Multi-chain distributor; split by secondary Cont% — validate (9 chains); account has 2 ship-to variants/branches — confirm roll-up,,Y,Y,,Y,Pending,,,Merge,,,
5-Name Variant; 3-Multi-Chain Dist; 2-Medium Conf,B&N,Az Enterprises(Apollo/More)Mt,Az Enterprises,Dist.,BBlunt,Monthly dynamic Cont% (secondary-driven),7,Jul'25–Feb'26,47.97,2.6,100.0,Medium,Multi-chain distributor; split by secondary Cont% — validate (9 chains); account has 2 ship-to variants/branches — confirm roll-up,,Y,Y,,Y,Pending,,,Merge,,,
5-Name Variant; 3-Multi-Chain Dist; 2-Medium Conf,B&N,Az Enterprises(Apollo/More)Mt,Az Enterprises,Dist.,The Derma Co.,Monthly dynamic Cont% (secondary-driven),4,Jul'25–Feb'26,0.76,0.29,2.02,Medium,Multi-chain distributor; split by secondary Cont% — validate (9 chains); account has 2 ship-to variants/branches — confirm roll-up,,Y,Y,,Y,Pending,,,Merge,,,
5-Name Variant,D-Mart,JUST MARK-Dmart,JUST MARK-Dmart,Dist.,Mamaearth,Monthly dynamic Cont% (secondary-driven),9,Apr'25–May'26,100.0,100.0,100.0,High,Distributor serving a single chain; account has 2 ship-to variants/branches — confirm roll-up,,,,,Y,Pending,,,Merge,,,
5-Name Variant,D-Mart,JUST MARK-Dmart,JUST MARK-Dmart,Dist.,The Derma Co.,Monthly dynamic Cont% (secondary-driven),2,Jan'26–Feb'26,100.0,100.0,100.0,High,Distributor serving a single chain; account has 2 ship-to variants/branches — confirm roll-up,,,,,Y,Pending,,,Merge,,,
5-Name Variant,D-Mart,JUST MARK-Dmart_ship to,JUST MARK-Dmart,Dist.,Mamaearth,Monthly dynamic Cont% (secondary-driven),14,Apr'25–May'26,100.0,100.0,100.0,High,Distributor serving a single chain; account has 2 ship-to variants/branches — confirm roll-up,,,,,Y,Pending,,,Merge,,,
5-Name Variant,D-Mart,JUST MARK-Dmart_ship to,JUST MARK-Dmart,Dist.,The Derma Co.,Monthly dynamic Cont% (secondary-driven),6,Dec'25–May'26,100.0,100.0,100.0,High,Distributor serving a single chain; account has 2 ship-to variants/branches — confirm roll-up,,,,,Y,Pending,,,Merge,,,
5-Name Variant; 3-Multi-Chain Dist; 2-Medium Conf,Frank Ross,Az Enterprises,Az Enterprises,Dist.,Mamaearth,Monthly dynamic Cont% (secondary-driven),2,Dec'25–Jan'26,0.95,0.56,1.33,Medium,Multi-chain distributor; split by secondary Cont% — validate (9 chains); account has 2 ship-to variants/branches — confirm roll-up,,Y,Y,,Y,Pending,,,Merge,,,
5-Name Variant; 3-Multi-Chain Dist; 2-Medium Conf,Frank Ross,Az Enterprises,Az Enterprises,Dist.,The Derma Co.,Monthly dynamic Cont% (secondary-driven),3,Mar'26–May'26,0.13,0.0,0.19,Medium,Multi-chain distributor; split by secondary Cont% — validate (9 chains); account has 2 ship-to variants/branches — confirm roll-up,,Y,Y,,Y,Pending,,,Merge,,,
5-Name Variant; 3-Multi-Chain Dist; 2-Medium Conf,Health & Glow,Az Enterprises,Az Enterprises,Dist.,Aqualogica,Monthly dynamic Cont% (secondary-driven),8,Oct'25–May'26,41.42,17.01,72.37,Medium,Multi-chain distributor; split by secondary Cont% — validate (9 chains); account has 2 ship-to variants/branches — confirm roll-up,,Y,Y,,Y,Pending,,,Merge,,,
5-Name Variant; 3-Multi-Chain Dist; 2-Medium Conf,Health & Glow,Az Enterprises,Az Enterprises,Dist.,BBlunt,Monthly dynamic Cont% (secondary-driven),7,Nov'25–May'26,93.3,76.07,100.0,Medium,Multi-chain distributor; split by secondary Cont% — validate (9 chains); account has 2 ship-to variants/branches — confirm roll-up,,Y,Y,,Y,Pending,,,Merge,,,
5-Name Variant; 3-Multi-Chain Dist; 2-Medium Conf,Health & Glow,Az Enterprises,Az Enterprises,Dist.,Mamaearth,Monthly dynamic Cont% (secondary-driven),8,Sep'25–May'26,22.53,0.98,100.0,Medium,Multi-chain distributor; split by secondary Cont% — validate (9 chains); account has 2 ship-to variants/branches — confirm roll-up,,Y,Y,,Y,Pending,,,Merge,,,
5-Name Variant; 3-Multi-Chain Dist; 2-Medium Conf,Health & Glow,Az Enterprises,Az Enterprises,Dist.,The Derma Co.,Monthly dynamic Cont% (secondary-driven),7,Sep'25–May'26,30.68,2.08,100.0,Medium,Multi-chain distributor; split by secondary Cont% — validate (9 chains); account has 2 ship-to variants/branches — confirm roll-up,,Y,Y,,Y,Pending,,,Merge,,,
5-Name Variant; 3-Multi-Chain Dist; 2-Medium Conf,Health & Glow,Az Enterprises(Apollo/More)Mt,Az Enterprises,Dist.,Aqualogica,Monthly dynamic Cont% (secondary-driven),6,Apr'25–Sep'25,50.68,31.46,62.32,Medium,Multi-chain distributor; split by secondary Cont% — validate (9 chains); account has 2 ship-to variants/branches — confirm roll-up,,Y,Y,,Y,Pending,,,Merge,,,
5-Name Variant; 3-Multi-Chain Dist; 2-Medium Conf,Health & Glow,Az Enterprises(Apollo/More)Mt,Az Enterprises,Dist.,BBlunt,Monthly dynamic Cont% (secondary-driven),7,Apr'25–Oct'25,94.11,74.3,100.0,Medium,Multi-chain distributor; split by secondary Cont% — validate (9 chains); account has 2 ship-to variants/branches — confirm roll-up,,Y,Y,,Y,Pending,,,Merge,,,
5-Name Variant; 3-Multi-Chain Dist; 2-Medium Conf,Health & Glow,Az Enterprises(Apollo/More)Mt,Az Enterprises,Dist.,Dr. Sheth's,Monthly dynamic Cont% (secondary-driven),3,Oct'25–Apr'26,99.89,99.68,100.0,Medium,Multi-chain distributor; split by secondary Cont% — validate (9 chains); account has 2 ship-to variants/branches — confirm roll-up,,Y,Y,,Y,Pending,,,Merge,,,
5-Name Variant; 3-Multi-Chain Dist; 2-Medium Conf,Health & Glow,Az Enterprises(Apollo/More)Mt,Az Enterprises,Dist.,Mamaearth,Monthly dynamic Cont% (secondary-driven),9,Apr'25–Feb'26,16.57,3.37,48.1,Medium,Multi-chain distributor; split by secondary Cont% — validate (9 chains); account has 2 ship-to variants/branches — confirm roll-up,,Y,Y,,Y,Pending,,,Merge,,,
5-Name Variant; 3-Multi-Chain Dist; 2-Medium Conf,Health & Glow,Az Enterprises(Apollo/More)Mt,Az Enterprises,Dist.,The Derma Co.,Monthly dynamic Cont% (secondary-driven),9,Apr'25–Mar'26,47.99,8.86,100.0,Medium,Multi-chain distributor; split by secondary Cont% — validate (9 chains); account has 2 ship-to variants/branches — confirm roll-up,,Y,Y,,Y,Pending,,,Merge,,,
5-Name Variant,Lifestyle Babyshop,Lifestyle International Pvt LtdBabyshop,Lifestyle International Pvt LtdBabyshop,Direct,Mamaearth,Monthly dynamic Cont% (secondary-driven),1,May'25–May'25,100.0,100.0,100.0,High,Direct ship-to → single chain (1:1); account has 2 ship-to variants/branches — confirm roll-up,,,,,Y,Pending,,,Merge,,,
5-Name Variant,Lifestyle Babyshop,Lifestyle International Pvt LtdBabyshop_Ship To,Lifestyle International Pvt LtdBabyshop,Direct,Mamaearth,Monthly dynamic Cont% (secondary-driven),1,May'25–May'25,100.0,100.0,100.0,High,Direct ship-to → single chain (1:1); account has 2 ship-to variants/branches — confirm roll-up,,,,,Y,Pending,,,Merge,,,
5-Name Variant; 3-Multi-Chain Dist; 2-Medium Conf,Lulu,Az Enterprises,Az Enterprises,Dist.,Aqualogica,Monthly dynamic Cont% (secondary-driven),8,Oct'25–May'26,24.53,11.67,36.74,Medium,Multi-chain distributor; split by secondary Cont% — validate (9 chains); account has 2 ship-to variants/branches — confirm roll-up,,Y,Y,,Y,Pending,,,Merge,,,
5-Name Variant; 3-Multi-Chain Dist; 2-Medium Conf,Lulu,Az Enterprises,Az Enterprises,Dist.,Mamaearth,Monthly dynamic Cont% (secondary-driven),7,Sep'25–May'26,13.56,0.37,39.99,Medium,Multi-chain distributor; split by secondary Cont% — validate (9 chains); account has 2 ship-to variants/branches — confirm roll-up,,Y,Y,,Y,Pending,,,Merge,,,
5-Name Variant; 3-Multi-Chain Dist; 2-Medium Conf,Lulu,Az Enterprises,Az Enterprises,Dist.,The Derma Co.,Monthly dynamic Cont% (secondary-driven),6,Sep'25–May'26,8.07,1.27,32.78,Medium,Multi-chain distributor; split by secondary Cont% — validate (9 chains); account has 2 ship-to variants/branches — confirm roll-up,,Y,Y,,Y,Pending,,,Merge,,,
5-Name Variant; 3-Multi-Chain Dist; 2-Medium Conf,Lulu,Az Enterprises(Apollo/More)Mt,Az Enterprises,Dist.,Aqualogica,Monthly dynamic Cont% (secondary-driven),6,Apr'25–Sep'25,17.73,11.66,22.59,Medium,Multi-chain distributor; split by secondary Cont% — validate (9 chains); account has 2 ship-to variants/branches — confirm roll-up,,Y,Y,,Y,Pending,,,Merge,,,
5-Name Variant; 3-Multi-Chain Dist; 2-Medium Conf,Lulu,Az Enterprises(Apollo/More)Mt,Az Enterprises,Dist.,Mamaearth,Monthly dynamic Cont% (secondary-driven),9,Apr'25–Feb'26,13.13,1.57,50.52,Medium,Multi-chain distributor; split by secondary Cont% — validate (9 chains); account has 2 ship-to variants/branches — confirm roll-up,,Y,Y,,Y,Pending,,,Merge,,,
5-Name Variant; 3-Multi-Chain Dist; 2-Medium Conf,Lulu,Az Enterprises(Apollo/More)Mt,Az Enterprises,Dist.,The Derma Co.,Monthly dynamic Cont% (secondary-driven),8,Apr'25–Feb'26,5.95,1.52,18.33,Medium,Multi-chain distributor; split by secondary Cont% — validate (9 chains); account has 2 ship-to variants/branches — confirm roll-up,,Y,Y,,Y,Pending,,,Merge,,,
5-Name Variant; 3-Multi-Chain Dist; 2-Medium Conf,Max Hyper,Az Enterprises,Az Enterprises,Dist.,Mamaearth,Monthly dynamic Cont% (secondary-driven),2,Dec'25–Apr'26,2.68,0.83,4.53,Medium,Multi-chain distributor; split by secondary Cont% — validate (9 chains); account has 2 ship-to variants/branches — confirm roll-up,,Y,Y,,Y,Pending,,,Merge,,,
5-Name Variant; 3-Multi-Chain Dist; 2-Medium Conf,Max Hyper,Az Enterprises(Apollo/More)Mt,Az Enterprises,Dist.,Mamaearth,Monthly dynamic Cont% (secondary-driven),1,Oct'25–Oct'25,0.6,0.6,0.6,Medium,Multi-chain distributor; split by secondary Cont% — validate (9 chains); account has 2 ship-to variants/branches — confirm roll-up,,Y,Y,,Y,Pending,,,Merge,,,
5-Name Variant; 3-Multi-Chain Dist; 2-Medium Conf,More Retail,Az Enterprises,Az Enterprises,Dist.,Aqualogica,Monthly dynamic Cont% (secondary-driven),5,Oct'25–May'26,34.56,23.32,48.98,Medium,Multi-chain distributor; split by secondary Cont% — validate (9 chains); account has 2 ship-to variants/branches — confirm roll-up,,Y,Y,,Y,Pending,,,Merge,,,
5-Name Variant; 3-Multi-Chain Dist; 2-Medium Conf,More Retail,Az Enterprises,Az Enterprises,Dist.,Mamaearth,Monthly dynamic Cont% (secondary-driven),7,Sep'25–May'26,8.21,3.18,22.03,Medium,Multi-chain distributor; split by secondary Cont% — validate (9 chains); account has 2 ship-to variants/branches — confirm roll-up,,Y,Y,,Y,Pending,,,Merge,,,
5-Name Variant; 3-Multi-Chain Dist; 2-Medium Conf,More Retail,Az Enterprises,Az Enterprises,Dist.,The Derma Co.,Monthly dynamic Cont% (secondary-driven),6,Sep'25–May'26,2.63,0.36,9.5,Medium,Multi-chain distributor; split by secondary Cont% — validate (9 chains); account has 2 ship-to variants/branches — confirm roll-up,,Y,Y,,Y,Pending,,,Merge,,,
5-Name Variant; 3-Multi-Chain Dist,More Retail,Az Enterprises(Apollo/More)Mt,Az Enterprises,Dist.,Aqualogica,Monthly dynamic Cont% (secondary-driven),8,May'25–Mar'26,49.8,6.72,100.0,High,Multi-chain distributor; chain name in ship-to (9 chains); account has 2 ship-to variants/branches — confirm roll-up,,,Y,,Y,Pending,,,Merge,,,
5-Name Variant; 3-Multi-Chain Dist,More Retail,Az Enterprises(Apollo/More)Mt,Az Enterprises,Dist.,The Derma Co.,Monthly dynamic Cont% (secondary-driven),10,May'25–Feb'26,36.92,1.73,100.0,High,Multi-chain distributor; chain name in ship-to (9 chains); account has 2 ship-to variants/branches — confirm roll-up,,,Y,,Y,Pending,,,Merge,,,
5-Name Variant,Nykaa SS(fsn),Nykaa E-Retail Limited.-OR EB2B,Nykaa E-Retail Limited,Direct,Aqualogica,Monthly dynamic Cont% (secondary-driven),12,Jun'25–May'26,100.0,100.0,100.0,High,Direct ship-to → single chain (1:1); account has 3 ship-to variants/branches — confirm roll-up,,,,,Y,Pending,,,Merge,,,
5-Name Variant,Nykaa SS(fsn),Nykaa E-Retail Limited.-OR EB2B,Nykaa E-Retail Limited,Direct,Dr. Sheth's,Monthly dynamic Cont% (secondary-driven),5,Oct'25–Apr'26,100.0,100.0,100.0,High,Direct ship-to → single chain (1:1); account has 3 ship-to variants/branches — confirm roll-up,,,,,Y,Pending,,,Merge,,,
5-Name Variant,Nykaa SS(fsn),Nykaa E-Retail Limited.-OR EB2B,Nykaa E-Retail Limited,Direct,Mamaearth,Monthly dynamic Cont% (secondary-driven),12,Jun'25–May'26,100.0,100.0,100.0,High,Direct ship-to → single chain (1:1); account has 3 ship-to variants/branches — confirm roll-up,,,,,Y,Pending,,,Merge,,,
5-Name Variant,Nykaa SS(fsn),Nykaa E-Retail Limited.-OR EB2B,Nykaa E-Retail Limited,Direct,The Derma Co.,Monthly dynamic Cont% (secondary-driven),12,Jun'25–May'26,100.0,100.0,100.0,High,Direct ship-to → single chain (1:1); account has 3 ship-to variants/branches — confirm roll-up,,,,,Y,Pending,,,Merge,,,
5-Name Variant,Nykaa SS(fsn),Nykaa E-Retail Limited.-TG EB2B,Nykaa E-Retail Limited,Direct,Aqualogica,Monthly dynamic Cont% (secondary-driven),12,Jun'25–May'26,100.0,100.0,100.0,High,Direct ship-to → single chain (1:1); account has 3 ship-to variants/branches — confirm roll-up,,,,,Y,Pending,,,Merge,,,
5-Name Variant,Nykaa SS(fsn),Nykaa E-Retail Limited.-TG EB2B,Nykaa E-Retail Limited,Direct,Dr. Sheth's,Monthly dynamic Cont% (secondary-driven),4,Oct'25–May'26,100.0,100.0,100.0,High,Direct ship-to → single chain (1:1); account has 3 ship-to variants/branches — confirm roll-up,,,,,Y,Pending,,,Merge,,,
5-Name Variant,Nykaa SS(fsn),Nykaa E-Retail Limited.-TG EB2B,Nykaa E-Retail Limited,Direct,Mamaearth,Monthly dynamic Cont% (secondary-driven),12,Jun'25–May'26,100.0,100.0,100.0,High,Direct ship-to → single chain (1:1); account has 3 ship-to variants/branches — confirm roll-up,,,,,Y,Pending,,,Merge,,,
5-Name Variant,Nykaa SS(fsn),Nykaa E-Retail Limited.-TG EB2B,Nykaa E-Retail Limited,Direct,The Derma Co.,Monthly dynamic Cont% (secondary-driven),12,Jun'25–May'26,100.0,100.0,100.0,High,Direct ship-to → single chain (1:1); account has 3 ship-to variants/branches — confirm roll-up,,,,,Y,Pending,,,Merge,,,
5-Name Variant,Nykaa SS(fsn),Nykaa E-Retail Limited.-WB EB2B,Nykaa E-Retail Limited,Direct,Aqualogica,Monthly dynamic Cont% (secondary-driven),12,Jun'25–May'26,100.0,100.0,100.0,High,Direct ship-to → single chain (1:1); account has 3 ship-to variants/branches — confirm roll-up,,,,,Y,Pending,,,Merge,,,
5-Name Variant,Nykaa SS(fsn),Nykaa E-Retail Limited.-WB EB2B,Nykaa E-Retail Limited,Direct,Dr. Sheth's,Monthly dynamic Cont% (secondary-driven),1,Oct'25–Oct'25,100.0,100.0,100.0,High,Direct ship-to → single chain (1:1); account has 3 ship-to variants/branches — confirm roll-up,,,,,Y,Pending,,,Merge,,,
5-Name Variant,Nykaa SS(fsn),Nykaa E-Retail Limited.-WB EB2B,Nykaa E-Retail Limited,Direct,Mamaearth,Monthly dynamic Cont% (secondary-driven),12,Jun'25–May'26,100.0,100.0,100.0,High,Direct ship-to → single chain (1:1); account has 3 ship-to variants/branches — confirm roll-up,,,,,Y,Pending,,,Merge,,,
5-Name Variant,Nykaa SS(fsn),Nykaa E-Retail Limited.-WB EB2B,Nykaa E-Retail Limited,Direct,The Derma Co.,Monthly dynamic Cont% (secondary-driven),12,Jun'25–May'26,100.0,100.0,100.0,High,Direct ship-to → single chain (1:1); account has 3 ship-to variants/branches — confirm roll-up,,,,,Y,Pending,,,Merge,,,
5-Name Variant; 3-Multi-Chain Dist; 2-Medium Conf,Trilife,Az Enterprises,Az Enterprises,Dist.,Aqualogica,Monthly dynamic Cont% (secondary-driven),5,Nov'25–May'26,2.12,0.34,4.21,Medium,Multi-chain distributor; split by secondary Cont% — validate (9 chains); account has 2 ship-to variants/branches — confirm roll-up,,Y,Y,,Y,Pending,,,Merge,,,
5-Name Variant; 3-Multi-Chain Dist; 2-Medium Conf,Trilife,Az Enterprises,Az Enterprises,Dist.,BBlunt,Monthly dynamic Cont% (secondary-driven),5,Nov'25–May'26,4.32,1.34,8.45,Medium,Multi-chain distributor; split by secondary Cont% — validate (9 chains); account has 2 ship-to variants/branches — confirm roll-up,,Y,Y,,Y,Pending,,,Merge,,,
5-Name Variant; 3-Multi-Chain Dist; 2-Medium Conf,Trilife,Az Enterprises,Az Enterprises,Dist.,Mamaearth,Monthly dynamic Cont% (secondary-driven),3,Dec'25–May'26,0.12,0.02,0.23,Medium,Multi-chain distributor; split by secondary Cont% — validate (9 chains); account has 2 ship-to variants/branches — confirm roll-up,,Y,Y,,Y,Pending,,,Merge,,,
5-Name Variant; 3-Multi-Chain Dist; 2-Medium Conf,Trilife,Az Enterprises,Az Enterprises,Dist.,The Derma Co.,Monthly dynamic Cont% (secondary-driven),4,Dec'25–May'26,0.26,0.08,0.49,Medium,Multi-chain distributor; split by secondary Cont% — validate (9 chains); account has 2 ship-to variants/branches — confirm roll-up,,Y,Y,,Y,Pending,,,Merge,,,
5-Name Variant; 3-Multi-Chain Dist; 2-Medium Conf,Trilife,Az Enterprises(Apollo/More)Mt,Az Enterprises,Dist.,Aqualogica,Monthly dynamic Cont% (secondary-driven),4,Apr'25–Aug'25,1.4,0.44,3.02,Medium,Multi-chain distributor; split by secondary Cont% — validate (9 chains); account has 2 ship-to variants/branches — confirm roll-up,,Y,Y,,Y,Pending,,,Merge,,,
5-Name Variant; 3-Multi-Chain Dist; 2-Medium Conf,Trilife,Az Enterprises(Apollo/More)Mt,Az Enterprises,Dist.,BBlunt,Monthly dynamic Cont% (secondary-driven),4,Apr'25–Oct'25,1.37,0.1,2.64,Medium,Multi-chain distributor; split by secondary Cont% — validate (9 chains); account has 2 ship-to variants/branches — confirm roll-up,,Y,Y,,Y,Pending,,,Merge,,,
5-Name Variant; 3-Multi-Chain Dist; 2-Medium Conf,Trilife,Az Enterprises(Apollo/More)Mt,Az Enterprises,Dist.,Dr. Sheth's,Monthly dynamic Cont% (secondary-driven),1,Oct'25–Oct'25,0.32,0.32,0.32,Medium,Multi-chain distributor; split by secondary Cont% — validate (9 chains); account has 2 ship-to variants/branches — confirm roll-up,,Y,Y,,Y,Pending,,,Merge,,,
5-Name Variant; 3-Multi-Chain Dist; 2-Medium Conf,Trilife,Az Enterprises(Apollo/More)Mt,Az Enterprises,Dist.,Mamaearth,Monthly dynamic Cont% (secondary-driven),5,Apr'25–Nov'25,1.76,0.01,10.19,Medium,Multi-chain distributor; split by secondary Cont% — validate (9 chains); account has 2 ship-to variants/branches — confirm roll-up,,Y,Y,,Y,Pending,,,Merge,,,
5-Name Variant; 3-Multi-Chain Dist; 2-Medium Conf,Trilife,Az Enterprises(Apollo/More)Mt,Az Enterprises,Dist.,The Derma Co.,Monthly dynamic Cont% (secondary-driven),5,Apr'25–Nov'25,0.21,0.02,0.34,Medium,Multi-chain distributor; split by secondary Cont% — validate (9 chains); account has 2 ship-to variants/branches — confirm roll-up,,Y,Y,,Y,Pending,,,Merge,,,
5-Name Variant,V-Mart,V-Mart Retail Limited-OR,V-Mart Retail Limited,Direct,Mamaearth,Monthly dynamic Cont% (secondary-driven),1,May'26–May'26,100.0,100.0,100.0,High,Direct ship-to → single chain (1:1); account has 2 ship-to variants/branches — confirm roll-up,,,,,Y,Pending,,,Merge,,,
5-Name Variant,V-Mart,V-Mart Retail Limited-WB,V-Mart Retail Limited,Direct,Mamaearth,Monthly dynamic Cont% (secondary-driven),1,May'26–May'26,100.0,100.0,100.0,High,Direct ship-to → single chain (1:1); account has 2 ship-to variants/branches — confirm roll-up,,,,,Y,Pending,,,Merge,,,
5-Name Variant; 3-Multi-Chain Dist; 2-Medium Conf,Vishal Mega Mart,Az Enterprises,Az Enterprises,Dist.,Mamaearth,Monthly dynamic Cont% (secondary-driven),4,Dec'25–Apr'26,6.88,0.21,19.47,Medium,Multi-chain distributor; split by secondary Cont% — validate (9 chains); account has 2 ship-to variants/branches — confirm roll-up,,Y,Y,,Y,Pending,,,Merge,,,
5-Name Variant; 3-Multi-Chain Dist; 2-Medium Conf,Vishal Mega Mart,Az Enterprises(Apollo/More)Mt,Az Enterprises,Dist.,Mamaearth,Monthly dynamic Cont% (secondary-driven),2,Jun'25–Feb'26,3.99,3.83,4.15,Medium,Multi-chain distributor; split by secondary Cont% — validate (9 chains); account has 2 ship-to variants/branches — confirm roll-up,,Y,Y,,Y,Pending,,,Merge,,,
3-Multi-Chain Dist; 2-Medium Conf,Apna Mart,D.L. Sales - MT,D.L. Sales,Dist.,Mamaearth,Monthly dynamic Cont% (secondary-driven),3,Feb'26–Apr'26,3.74,0.21,8.89,Medium,Multi-chain distributor; split by secondary Cont% — validate (13 chains),,Y,Y,,,Pending,,,Needs Check,,,
3-Multi-Chain Dist; 2-Medium Conf,Apna Mart,D.L. Sales - MT,D.L. Sales,Dist.,The Derma Co.,Monthly dynamic Cont% (secondary-driven),2,Feb'26–Apr'26,8.03,3.9,12.16,Medium,Multi-chain distributor; split by secondary Cont% — validate (13 chains),,Y,Y,,,Pending,,,Needs Check,,,
3-Multi-Chain Dist; 2-Medium Conf,Apna Mart,SRIJAN ENTERPRISES-MT-JH,SRIJAN ENTERPRISES,Dist.,Mamaearth,Monthly dynamic Cont% (secondary-driven),3,Feb'26–Apr'26,94.63,86.58,100.0,Medium,Multi-chain distributor; split by secondary Cont% — validate (2 chains),,Y,Y,,,Pending,,,Needs Check,,,
3-Multi-Chain Dist; 2-Medium Conf,Apollo,Arc Foods And Beverages_Mt_H&G,Arc Foods And Beverages_Mt_H&G,Dist.,Aqualogica,Monthly dynamic Cont% (secondary-driven),6,Apr'25–Sep'25,12.1,2.85,31.76,Medium,Multi-chain distributor; split by secondary Cont% — validate (3 chains),,Y,Y,,,Pending,,,Needs Check,,,
3-Multi-Chain Dist; 2-Medium Conf,Apollo,Arc Foods And Beverages_Mt_H&G,Arc Foods And Beverages_Mt_H&G,Dist.,Mamaearth,Monthly dynamic Cont% (secondary-driven),9,Apr'25–Dec'25,53.09,42.34,64.15,Medium,Multi-chain distributor; split by secondary Cont% — validate (3 chains),,Y,Y,,,Pending,,,Needs Check,,,
3-Multi-Chain Dist; 2-Medium Conf,Apollo,Arc Foods And Beverages_Mt_H&G,Arc Foods And Beverages_Mt_H&G,Dist.,The Derma Co.,Monthly dynamic Cont% (secondary-driven),9,Apr'25–Dec'25,26.15,13.76,36.58,Medium,Multi-chain distributor; split by secondary Cont% — validate (3 chains),,Y,Y,,,Pending,,,Needs Check,,,
3-Multi-Chain Dist; 2-Medium Conf,Apollo,BALAJI ASSOCIATES Distributor MT,BALAJI ASSOCIATES Distributor MT,Dist.,Mamaearth,Monthly dynamic Cont% (secondary-driven),3,Mar'26–May'26,0.43,0.34,0.6,Medium,Multi-chain distributor; split by secondary Cont% — validate (3 chains),,Y,Y,,,Pending,,,Needs Check,,,
3-Multi-Chain Dist; 2-Medium Conf,Apollo,BALAJI ASSOCIATES Distributor MT,BALAJI ASSOCIATES Distributor MT,Dist.,The Derma Co.,Monthly dynamic Cont% (secondary-driven),2,Apr'26–May'26,57.54,15.07,100.0,Medium,Multi-chain distributor; split by secondary Cont% — validate (3 chains),,Y,Y,,,Pending,,,Needs Check,,,
3-Multi-Chain Dist; 2-Medium Conf,Apollo,D.L. Sales - MT,D.L. Sales,Dist.,Aqualogica,Monthly dynamic Cont% (secondary-driven),6,Apr'25–Sep'25,19.93,3.63,44.67,Medium,Multi-chain distributor; split by secondary Cont% — validate (13 chains),,Y,Y,,,Pending,,,Needs Check,,,
3-Multi-Chain Dist; 2-Medium Conf,Apollo,D.L. Sales - MT,D.L. Sales,Dist.,Mamaearth,Monthly dynamic Cont% (secondary-driven),14,Apr'25–May'26,27.83,3.86,47.02,Medium,Multi-chain distributor; split by secondary Cont% — validate (13 chains),,Y,Y,,,Pending,,,Needs Check,,,
3-Multi-Chain Dist; 2-Medium Conf,Apollo,D.L. Sales - MT,D.L. Sales,Dist.,The Derma Co.,Monthly dynamic Cont% (secondary-driven),14,Apr'25–May'26,30.43,0.6,79.55,Medium,Multi-chain distributor; split by secondary Cont% — validate (13 chains),,Y,Y,,,Pending,,,Needs Check,,,
3-Multi-Chain Dist; 2-Medium Conf,Apollo,G.V Enterprises,G.V Enterprises,Dist.,Aqualogica,Monthly dynamic Cont% (secondary-driven),3,Apr'25–Jun'25,12.66,8.51,17.73,Medium,Multi-chain distributor; split by secondary Cont% — validate (4 chains),,Y,Y,,,Pending,,,Needs Check,,,
3-Multi-Chain Dist; 2-Medium Conf,Apollo,G.V Enterprises,G.V Enterprises,Dist.,Mamaearth,Monthly dynamic Cont% (secondary-driven),14,Apr'25–May'26,6.9,1.07,10.58,Medium,Multi-chain distributor; split by secondary Cont% — validate (4 chains),,Y,Y,,,Pending,,,Needs Check,,,
3-Multi-Chain Dist; 2-Medium Conf,Apollo,G.V Enterprises,G.V Enterprises,Dist.,The Derma Co.,Monthly dynamic Cont% (secondary-driven),13,Apr'25–May'26,35.37,5.23,63.77,Medium,Multi-chain distributor; split by secondary Cont% — validate (4 chains),,Y,Y,,,Pending,,,Needs Check,,,
3-Multi-Chain Dist; 2-Medium Conf,Apollo,M/S KOTTARAM BUSINESS CORPORATION-MT,M/S KOTTARAM BUSINESS CORPORATION,Dist.,Mamaearth,Monthly dynamic Cont% (secondary-driven),1,Apr'25–Apr'25,6.01,6.01,6.01,Medium,Multi-chain distributor; split by secondary Cont% — validate (3 chains),,Y,Y,,,Pending,,,Needs Check,,,
3-Multi-Chain Dist; 2-Medium Conf,Apollo,M/S KOTTARAM BUSINESS CORPORATION-MT,M/S KOTTARAM BUSINESS CORPORATION,Dist.,The Derma Co.,Monthly dynamic Cont% (secondary-driven),1,Apr'25–Apr'25,13.08,13.08,13.08,Medium,Multi-chain distributor; split by secondary Cont% — validate (3 chains),,Y,Y,,,Pending,,,Needs Check,,,
3-Multi-Chain Dist; 2-Medium Conf,Apollo,PRAGATI SALES-D-MART,PRAGATI SALES-D-MART,Dist.,Aqualogica,Monthly dynamic Cont% (secondary-driven),1,Mar'26–Mar'26,100.0,100.0,100.0,Medium,Multi-chain distributor; split by secondary Cont% — validate (2 chains),,Y,Y,,,Pending,,,Needs Check,,,
3-Multi-Chain Dist; 2-Medium Conf,Apollo,PRAGATI SALES-D-MART,PRAGATI SALES-D-MART,Dist.,Mamaearth,Monthly dynamic Cont% (secondary-driven),3,Feb'26–Apr'26,36.95,4.93,100.0,Medium,Multi-chain distributor; split by secondary Cont% — validate (2 chains),,Y,Y,,,Pending,,,Needs Check,,,
3-Multi-Chain Dist; 2-Medium Conf,Apollo,PRAGATI SALES-D-MART,PRAGATI SALES-D-MART,Dist.,The Derma Co.,Monthly dynamic Cont% (secondary-driven),1,Mar'26–Mar'26,100.0,100.0,100.0,Medium,Multi-chain distributor; split by secondary Cont% — validate (2 chains),,Y,Y,,,Pending,,,Needs Check,,,
3-Multi-Chain Dist; 2-Medium Conf,Apollo,Sri Vijaya Durga Agencies_Mt,Sri Vijaya Durga Agencies,Dist.,Aqualogica,Monthly dynamic Cont% (secondary-driven),3,Apr'25–Jun'25,13.21,6.22,25.82,Medium,Multi-chain distributor; split by secondary Cont% — validate (7 chains),,Y,Y,,,Pending,,,Needs Check,,,
3-Multi-Chain Dist; 2-Medium Conf,Apollo,Sri Vijaya Durga Agencies_Mt,Sri Vijaya Durga Agencies,Dist.,Mamaearth,Monthly dynamic Cont% (secondary-driven),14,Apr'25–May'26,25.6,4.27,44.29,Medium,Multi-chain distributor; split by secondary Cont% — validate (7 chains),,Y,Y,,,Pending,,,Needs Check,,,
3-Multi-Chain Dist; 2-Medium Conf,Apollo,Sri Vijaya Durga Agencies_Mt,Sri Vijaya Durga Agencies,Dist.,The Derma Co.,Monthly dynamic Cont% (secondary-driven),13,Apr'25–May'26,20.78,2.26,77.55,Medium,Multi-chain distributor; split by secondary Cont% — validate (7 chains),,Y,Y,,,Pending,,,Needs Check,,,
3-Multi-Chain Dist; 2-Medium Conf,Apollo,VENKATESHWARA AGENCIES-TG,VENKATESHWARA AGENCIES,Dist.,Aqualogica,Monthly dynamic Cont% (secondary-driven),2,Apr'26–May'26,4.32,4.09,4.54,Medium,Multi-chain distributor; split by secondary Cont% — validate (8 chains),,Y,Y,,,Pending,,,Needs Check,,,
3-Multi-Chain Dist; 2-Medium Conf,Apollo,VENKATESHWARA AGENCIES-TG,VENKATESHWARA AGENCIES,Dist.,BBlunt,Monthly dynamic Cont% (secondary-driven),2,Apr'26–May'26,22.66,15.64,29.67,Medium,Multi-chain distributor; split by secondary Cont% — validate (8 chains),,Y,Y,,,Pending,,,Needs Check,,,
3-Multi-Chain Dist; 2-Medium Conf,Apollo,VENKATESHWARA AGENCIES-TG,VENKATESHWARA AGENCIES,Dist.,Mamaearth,Monthly dynamic Cont% (secondary-driven),6,Dec'25–May'26,22.59,0.04,47.96,Medium,Multi-chain distributor; split by secondary Cont% — validate (8 chains),,Y,Y,,,Pending,,,Needs Check,,,
3-Multi-Chain Dist; 2-Medium Conf,Apollo,VENKATESHWARA AGENCIES-TG,VENKATESHWARA AGENCIES,Dist.,The Derma Co.,Monthly dynamic Cont% (secondary-driven),6,Dec'25–May'26,40.68,1.09,100.0,Medium,Multi-chain distributor; split by secondary Cont% — validate (8 chains),,Y,Y,,,Pending,,,Needs Check,,,
3-Multi-Chain Dist; 2-Medium Conf,Apollo,Vanaja Agencies_Mt,Vanaja Agencies,Dist.,Aqualogica,Monthly dynamic Cont% (secondary-driven),6,Apr'25–Dec'25,10.82,3.62,22.87,Medium,Multi-chain distributor; split by secondary Cont% — validate (9 chains),,Y,Y,,,Pending,,,Needs Check,,,
3-Multi-Chain Dist; 2-Medium Conf,Apollo,Vanaja Agencies_Mt,Vanaja Agencies,Dist.,Mamaearth,Monthly dynamic Cont% (secondary-driven),6,Apr'25–Dec'25,31.64,26.25,38.59,Medium,Multi-chain distributor; split by secondary Cont% — validate (9 chains),,Y,Y,,,Pending,,,Needs Check,,,
3-Multi-Chain Dist; 2-Medium Conf,Apollo,Vanaja Agencies_Mt,Vanaja Agencies,Dist.,The Derma Co.,Monthly dynamic Cont% (secondary-driven),6,Apr'25–Dec'25,31.4,13.29,66.54,Medium,Multi-chain distributor; split by secondary Cont% — validate (9 chains),,Y,Y,,,Pending,,,Needs Check,,,
3-Multi-Chain Dist; 2-Medium Conf,Arambagh,D.L. Sales - MT,D.L. Sales,Dist.,Aqualogica,Monthly dynamic Cont% (secondary-driven),2,Jul'25–Aug'25,29.08,24.19,33.97,Medium,Multi-chain distributor; split by secondary Cont% — validate (13 chains),,Y,Y,,,Pending,,,Needs Check,,,
3-Multi-Chain Dist; 2-Medium Conf,Arambagh,D.L. Sales - MT,D.L. Sales,Dist.,Mamaearth,Monthly dynamic Cont% (secondary-driven),14,Apr'25–May'26,7.93,1.27,23.42,Medium,Multi-chain distributor; split by secondary Cont% — validate (13 chains),,Y,Y,,,Pending,,,Needs Check,,,
3-Multi-Chain Dist; 2-Medium Conf,Arambagh,D.L. Sales - MT,D.L. Sales,Dist.,The Derma Co.,Monthly dynamic Cont% (secondary-driven),8,Jul'25–May'26,3.37,0.44,7.98,Medium,Multi-chain distributor; split by secondary Cont% — validate (13 chains),,Y,Y,,,Pending,,,Needs Check,,,
3-Multi-Chain Dist; 2-Medium Conf,B&N,Arc Foods And Beverages_Mt_H&G,Arc Foods And Beverages_Mt_H&G,Dist.,Aqualogica,Monthly dynamic Cont% (secondary-driven),1,Oct'25–Oct'25,14.84,14.84,14.84,Medium,Multi-chain distributor; split by secondary Cont% — validate (3 chains),,Y,Y,,,Pending,,,Needs Check,,,
3-Multi-Chain Dist; 2-Medium Conf,B&N,Arc Foods And Beverages_Mt_H&G,Arc Foods And Beverages_Mt_H&G,Dist.,BBlunt,Monthly dynamic Cont% (secondary-driven),2,Aug'25–Oct'25,51.64,8.08,95.21,Medium,Multi-chain distributor; split by secondary Cont% — validate (3 chains),,Y,Y,,,Pending,,,Needs Check,,,
3-Multi-Chain Dist; 2-Medium Conf,B&N,Arc Foods And Beverages_Mt_H&G,Arc Foods And Beverages_Mt_H&G,Dist.,Mamaearth,Monthly dynamic Cont% (secondary-driven),2,Aug'25–Oct'25,0.43,0.2,0.66,Medium,Multi-chain distributor; split by secondary Cont% — validate (3 chains),,Y,Y,,,Pending,,,Needs Check,,,
3-Multi-Chain Dist; 2-Medium Conf,B&N,Arc Foods And Beverages_Mt_H&G,Arc Foods And Beverages_Mt_H&G,Dist.,The Derma Co.,Monthly dynamic Cont% (secondary-driven),2,Aug'25–Oct'25,0.54,0.53,0.55,Medium,Multi-chain distributor; split by secondary Cont% — validate (3 chains),,Y,Y,,,Pending,,,Needs Check,,,
3-Multi-Chain Dist; 2-Medium Conf,B&N,VENKATESHWARA AGENCIES-TG,VENKATESHWARA AGENCIES,Dist.,The Derma Co.,Monthly dynamic Cont% (secondary-driven),2,Jan'26–Feb'26,1.79,1.02,2.56,Medium,Multi-chain distributor; split by secondary Cont% — validate (8 chains),,Y,Y,,,Pending,,,Needs Check,,,
3-Multi-Chain Dist; 2-Medium Conf,B&N,Vanaja Agencies_Mt,Vanaja Agencies,Dist.,Aqualogica,Monthly dynamic Cont% (secondary-driven),3,Jul'25–Dec'25,13.45,3.0,30.3,Medium,Multi-chain distributor; split by secondary Cont% — validate (9 chains),,Y,Y,,,Pending,,,Needs Check,,,
3-Multi-Chain Dist; 2-Medium Conf,B&N,Vanaja Agencies_Mt,Vanaja Agencies,Dist.,BBlunt,Monthly dynamic Cont% (secondary-driven),3,Jul'25–Dec'25,52.74,19.46,100.0,Medium,Multi-chain distributor; split by secondary Cont% — validate (9 chains),,Y,Y,,,Pending,,,Needs Check,,,
3-Multi-Chain Dist; 2-Medium Conf,B&N,Vanaja Agencies_Mt,Vanaja Agencies,Dist.,Mamaearth,Monthly dynamic Cont% (secondary-driven),3,Jul'25–Dec'25,0.35,0.1,0.82,Medium,Multi-chain distributor; split by secondary Cont% — validate (9 chains),,Y,Y,,,Pending,,,Needs Check,,,
3-Multi-Chain Dist; 2-Medium Conf,B&N,Vanaja Agencies_Mt,Vanaja Agencies,Dist.,The Derma Co.,Monthly dynamic Cont% (secondary-driven),3,Jul'25–Dec'25,3.15,1.4,4.57,Medium,Multi-chain distributor; split by secondary Cont% — validate (9 chains),,Y,Y,,,Pending,,,Needs Check,,,
3-Multi-Chain Dist; 2-Medium Conf,D-Mart,CHHABRA TRADERS_Ship To,CHHABRA TRADERS,Dist.,The Derma Co.,Monthly dynamic Cont% (secondary-driven),2,Apr'26–May'26,6.46,1.04,11.87,Medium,Multi-chain distributor; split by secondary Cont% — validate (5 chains),,Y,Y,,,Pending,,,Needs Check,,,
3-Multi-Chain Dist; 2-Medium Conf,D-Mart,Chhabra Traders,Chhabra Traders,Dist.,Mamaearth,Monthly dynamic Cont% (secondary-driven),2,Apr'26–May'26,3.67,0.34,7.0,Medium,Multi-chain distributor; split by secondary Cont% — validate (5 chains),,Y,Y,,,Pending,,,Needs Check,,,
3-Multi-Chain Dist; 2-Medium Conf,D-Mart,G.V Enterprises,G.V Enterprises,Dist.,Aqualogica,Monthly dynamic Cont% (secondary-driven),2,Mar'26–May'26,88.02,79.56,96.48,Medium,Multi-chain distributor; split by secondary Cont% — validate (4 chains),,Y,Y,,,Pending,,,Needs Check,,,
3-Multi-Chain Dist; 2-Medium Conf,D-Mart,G.V Enterprises,G.V Enterprises,Dist.,Mamaearth,Monthly dynamic Cont% (secondary-driven),14,Apr'25–May'26,56.07,7.75,92.06,Medium,Multi-chain distributor; split by secondary Cont% — validate (4 chains),,Y,Y,,,Pending,,,Needs Check,,,
3-Multi-Chain Dist; 2-Medium Conf,D-Mart,G.V Enterprises,G.V Enterprises,Dist.,The Derma Co.,Monthly dynamic Cont% (secondary-driven),6,Dec'25–May'26,38.42,10.24,71.08,Medium,Multi-chain distributor; split by secondary Cont% — validate (4 chains),,Y,Y,,,Pending,,,Needs Check,,,
3-Multi-Chain Dist,D-Mart,PRAGATI SALES-D-MART,PRAGATI SALES-D-MART,Dist.,Aqualogica,Monthly dynamic Cont% (secondary-driven),2,Apr'26–May'26,100.0,100.0,100.0,High,Multi-chain distributor; chain name in ship-to (2 chains),,,Y,,,Pending,,,Needs Check,,,
3-Multi-Chain Dist,D-Mart,PRAGATI SALES-D-MART,PRAGATI SALES-D-MART,Dist.,Mamaearth,Monthly dynamic Cont% (secondary-driven),13,Apr'25–May'26,99.17,94.08,100.0,High,Multi-chain distributor; chain name in ship-to (2 chains),,,Y,,,Pending,,,Needs Check,,,
3-Multi-Chain Dist,D-Mart,PRAGATI SALES-D-MART,PRAGATI SALES-D-MART,Dist.,The Derma Co.,Monthly dynamic Cont% (secondary-driven),5,Dec'25–May'26,100.0,100.0,100.0,High,Multi-chain distributor; chain name in ship-to (2 chains),,,Y,,,Pending,,,Needs Check,,,
3-Multi-Chain Dist; 2-Medium Conf,D-Mart,SAI SAACHI ASSOCIATES-MT-OR,SAI SAACHI ASSOCIATES,Dist.,Mamaearth,Monthly dynamic Cont% (secondary-driven),1,Apr'26–Apr'26,41.31,41.31,41.31,Medium,Multi-chain distributor; split by secondary Cont% — validate (4 chains),,Y,Y,,,Pending,,,Needs Check,,,
3-Multi-Chain Dist; 2-Medium Conf,D-Mart,Sri Vijaya Durga Agencies_Mt,Sri Vijaya Durga Agencies,Dist.,Aqualogica,Monthly dynamic Cont% (secondary-driven),2,Mar'26–May'26,90.9,82.19,99.61,Medium,Multi-chain distributor; split by secondary Cont% — validate (7 chains),,Y,Y,,,Pending,,,Needs Check,,,
3-Multi-Chain Dist; 2-Medium Conf,D-Mart,Sri Vijaya Durga Agencies_Mt,Sri Vijaya Durga Agencies,Dist.,Mamaearth,Monthly dynamic Cont% (secondary-driven),14,Apr'25–May'26,31.36,6.93,60.28,Medium,Multi-chain distributor; split by secondary Cont% — validate (7 chains),,Y,Y,,,Pending,,,Needs Check,,,
3-Multi-Chain Dist; 2-Medium Conf,D-Mart,Sri Vijaya Durga Agencies_Mt,Sri Vijaya Durga Agencies,Dist.,The Derma Co.,Monthly dynamic Cont% (secondary-driven),6,Dec'25–May'26,40.66,1.78,88.55,Medium,Multi-chain distributor; split by secondary Cont% — validate (7 chains),,Y,Y,,,Pending,,,Needs Check,,,
3-Multi-Chain Dist; 2-Medium Conf,D-Mart,Vanaja Agencies_Mt,Vanaja Agencies,Dist.,Mamaearth,Monthly dynamic Cont% (secondary-driven),1,May'26–May'26,100.0,100.0,100.0,Medium,Multi-chain distributor; split by secondary Cont% — validate (9 chains),,Y,Y,,,Pending,,,Needs Check,,,
3-Multi-Chain Dist; 2-Medium Conf,Deal Share,CHHABRA TRADERS_Ship To,CHHABRA TRADERS,Dist.,Mamaearth,Monthly dynamic Cont% (secondary-driven),1,Dec'25–Dec'25,12.15,12.15,12.15,Medium,Multi-chain distributor; split by secondary Cont% — validate (5 chains),,Y,Y,,,Pending,,,Needs Check,,,
3-Multi-Chain Dist; 2-Medium Conf,Deal Share,Chhabra Traders,Chhabra Traders,Dist.,Mamaearth,Monthly dynamic Cont% (secondary-driven),1,Mar'26–Mar'26,0.16,0.16,0.16,Medium,Multi-chain distributor; split by secondary Cont% — validate (5 chains),,Y,Y,,,Pending,,,Needs Check,,,
3-Multi-Chain Dist; 2-Medium Conf,Deal Share,D.L. Sales - MT,D.L. Sales,Dist.,Mamaearth,Monthly dynamic Cont% (secondary-driven),2,Dec'25–Feb'26,5.82,1.25,11.08,Medium,Multi-chain distributor; split by secondary Cont% — validate (13 chains),,Y,Y,,,Pending,,,Needs Check,,,
3-Multi-Chain Dist; 2-Medium Conf,Deal Share,MANOJ SOAP AGENCY-MT,MANOJ SOAP AGENCY,Dist.,Mamaearth,Monthly dynamic Cont% (secondary-driven),1,May'26–May'26,100.0,100.0,100.0,Medium,Multi-chain distributor; split by secondary Cont% — validate (2 chains),,Y,Y,,,Pending,,,Needs Check,,,
3-Multi-Chain Dist; 2-Medium Conf,Deal Share,MANOJ SOAP AGENCY-MT,MANOJ SOAP AGENCY,Dist.,The Derma Co.,Monthly dynamic Cont% (secondary-driven),2,Apr'26–May'26,100.0,100.0,100.0,Medium,Multi-chain distributor; split by secondary Cont% — validate (2 chains),,Y,Y,,,Pending,,,Needs Check,,,
3-Multi-Chain Dist; 2-Medium Conf,Deal Share,Sancus Networks Private Limited-RMT,Sancus Networks Private Limited,Dist.,Mamaearth,Monthly dynamic Cont% (secondary-driven),1,Mar'26–Mar'26,5.93,5.93,5.93,Medium,Multi-chain distributor; split by secondary Cont% — validate (5 chains),,Y,Y,,,Pending,,,Needs Check,,,
3-Multi-Chain Dist; 2-Medium Conf,Frank Ross,D.L. Sales - MT,D.L. Sales,Dist.,Aqualogica,Monthly dynamic Cont% (secondary-driven),6,Aug'25–Apr'26,21.28,5.41,36.21,Medium,Multi-chain distributor; split by secondary Cont% — validate (13 chains),,Y,Y,,,Pending,,,Needs Check,,,
3-Multi-Chain Dist; 2-Medium Conf,Frank Ross,D.L. Sales - MT,D.L. Sales,Dist.,Mamaearth,Monthly dynamic Cont% (secondary-driven),14,Apr'25–May'26,5.6,0.53,18.21,Medium,Multi-chain distributor; split by secondary Cont% — validate (13 chains),,Y,Y,,,Pending,,,Needs Check,,,
3-Multi-Chain Dist; 2-Medium Conf,Frank Ross,D.L. Sales - MT,D.L. Sales,Dist.,The Derma Co.,Monthly dynamic Cont% (secondary-driven),10,May'25–May'26,19.58,0.45,60.66,Medium,Multi-chain distributor; split by secondary Cont% — validate (13 chains),,Y,Y,,,Pending,,,Needs Check,,,
3-Multi-Chain Dist; 2-Medium Conf,G N R C Medishop Pvt Ltd,SC BUSINESS COMBINE_MT,SC BUSINESS COMBINE,Dist.,Mamaearth,Monthly dynamic Cont% (secondary-driven),1,Oct'25–Oct'25,3.54,3.54,3.54,Medium,Multi-chain distributor; split by secondary Cont% — validate (3 chains),,Y,Y,,,Pending,,,Needs Check,,,
3-Multi-Chain Dist; 2-Medium Conf,Grace Super MKT,Sri Lalitha Enterprises,Sri Lalitha Enterprises,Dist.,Mamaearth,Monthly dynamic Cont% (secondary-driven),4,Apr'25–Jul'25,41.82,20.73,100.0,Medium,Multi-chain distributor; split by secondary Cont% — validate (3 chains),,Y,Y,,,Pending,,,Needs Check,,,
3-Multi-Chain Dist,Health & Glow,Arc Foods And Beverages_Mt_H&G,Arc Foods And Beverages_Mt_H&G,Dist.,Aqualogica,Monthly dynamic Cont% (secondary-driven),10,Apr'25–Mar'26,91.25,68.24,100.0,High,Multi-chain distributor; chain name in ship-to (3 chains),,,Y,,,Pending,,,Needs Check,,,
3-Multi-Chain Dist,Health & Glow,Arc Foods And Beverages_Mt_H&G,Arc Foods And Beverages_Mt_H&G,Dist.,BBlunt,Monthly dynamic Cont% (secondary-driven),10,Apr'25–Mar'26,89.67,4.79,100.0,High,Multi-chain distributor; chain name in ship-to (3 chains),,,Y,,,Pending,,,Needs Check,,,
3-Multi-Chain Dist,Health & Glow,Arc Foods And Beverages_Mt_H&G,Arc Foods And Beverages_Mt_H&G,Dist.,Dr. Sheth's,Monthly dynamic Cont% (secondary-driven),2,Oct'25–Mar'26,100.0,100.0,100.0,High,Multi-chain distributor; chain name in ship-to (3 chains),,,Y,,,Pending,,,Needs Check,,,
3-Multi-Chain Dist,Health & Glow,Arc Foods And Beverages_Mt_H&G,Arc Foods And Beverages_Mt_H&G,Dist.,Mamaearth,Monthly dynamic Cont% (secondary-driven),10,Apr'25–Mar'26,43.44,26.16,100.0,High,Multi-chain distributor; chain name in ship-to (3 chains),,,Y,,,Pending,,,Needs Check,,,
3-Multi-Chain Dist,Health & Glow,Arc Foods And Beverages_Mt_H&G,Arc Foods And Beverages_Mt_H&G,Dist.,The Derma Co.,Monthly dynamic Cont% (secondary-driven),10,Apr'25–Mar'26,63.63,21.7,100.0,High,Multi-chain distributor; chain name in ship-to (3 chains),,,Y,,,Pending,,,Needs Check,,,
3-Multi-Chain Dist; 2-Medium Conf,Health & Glow,D.L. Sales - MT,D.L. Sales,Dist.,Aqualogica,Monthly dynamic Cont% (secondary-driven),13,Apr'25–Apr'26,16.01,5.47,43.89,Medium,Multi-chain distributor; split by secondary Cont% — validate (13 chains),,Y,Y,,,Pending,,,Needs Check,,,
3-Multi-Chain Dist; 2-Medium Conf,Health & Glow,D.L. Sales - MT,D.L. Sales,Dist.,BBlunt,Monthly dynamic Cont% (secondary-driven),13,Apr'25–Apr'26,81.93,32.74,100.0,Medium,Multi-chain distributor; split by secondary Cont% — validate (13 chains),,Y,Y,,,Pending,,,Needs Check,,,
3-Multi-Chain Dist; 2-Medium Conf,Health & Glow,D.L. Sales - MT,D.L. Sales,Dist.,Dr. Sheth's,Monthly dynamic Cont% (secondary-driven),2,Oct'25–Feb'26,100.0,100.0,100.0,Medium,Multi-chain distributor; split by secondary Cont% — validate (13 chains),,Y,Y,,,Pending,,,Needs Check,,,
3-Multi-Chain Dist; 2-Medium Conf,Health & Glow,D.L. Sales - MT,D.L. Sales,Dist.,Mamaearth,Monthly dynamic Cont% (secondary-driven),13,Apr'25–Apr'26,3.0,0.08,7.28,Medium,Multi-chain distributor; split by secondary Cont% — validate (13 chains),,Y,Y,,,Pending,,,Needs Check,,,
3-Multi-Chain Dist; 2-Medium Conf,Health & Glow,D.L. Sales - MT,D.L. Sales,Dist.,The Derma Co.,Monthly dynamic Cont% (secondary-driven),13,Apr'25–Apr'26,20.15,0.54,54.39,Medium,Multi-chain distributor; split by secondary Cont% — validate (13 chains),,Y,Y,,,Pending,,,Needs Check,,,
3-Multi-Chain Dist; 2-Medium Conf,Health & Glow,M/S KOTTARAM BUSINESS CORPORATION-MT,M/S KOTTARAM BUSINESS CORPORATION,Dist.,Aqualogica,Monthly dynamic Cont% (secondary-driven),3,Apr'25–Sep'25,3.0,2.51,3.36,Medium,Multi-chain distributor; split by secondary Cont% — validate (3 chains),,Y,Y,,,Pending,,,Needs Check,,,
3-Multi-Chain Dist; 2-Medium Conf,Health & Glow,M/S KOTTARAM BUSINESS CORPORATION-MT,M/S KOTTARAM BUSINESS CORPORATION,Dist.,BBlunt,Monthly dynamic Cont% (secondary-driven),3,Aug'25–Nov'25,100.0,100.0,100.0,Medium,Multi-chain distributor; split by secondary Cont% — validate (3 chains),,Y,Y,,,Pending,,,Needs Check,,,
3-Multi-Chain Dist; 2-Medium Conf,Health & Glow,M/S KOTTARAM BUSINESS CORPORATION-MT,M/S KOTTARAM BUSINESS CORPORATION,Dist.,Mamaearth,Monthly dynamic Cont% (secondary-driven),4,Apr'25–Sep'25,0.75,0.23,1.81,Medium,Multi-chain distributor; split by secondary Cont% — validate (3 chains),,Y,Y,,,Pending,,,Needs Check,,,
3-Multi-Chain Dist; 2-Medium Conf,Health & Glow,M/S KOTTARAM BUSINESS CORPORATION-MT,M/S KOTTARAM BUSINESS CORPORATION,Dist.,The Derma Co.,Monthly dynamic Cont% (secondary-driven),4,Apr'25–Sep'25,3.28,1.28,4.53,Medium,Multi-chain distributor; split by secondary Cont% — validate (3 chains),,Y,Y,,,Pending,,,Needs Check,,,
3-Multi-Chain Dist; 2-Medium Conf,Health & Glow,Sri Vijaya Durga Agencies_Mt,Sri Vijaya Durga Agencies,Dist.,Aqualogica,Monthly dynamic Cont% (secondary-driven),14,Apr'25–May'26,28.52,0.14,100.0,Medium,Multi-chain distributor; split by secondary Cont% — validate (7 chains),,Y,Y,,,Pending,,,Needs Check,,,
3-Multi-Chain Dist; 2-Medium Conf,Health & Glow,Sri Vijaya Durga Agencies_Mt,Sri Vijaya Durga Agencies,Dist.,BBlunt,Monthly dynamic Cont% (secondary-driven),13,Apr'25–May'26,92.86,29.87,100.0,Medium,Multi-chain distributor; split by secondary Cont% — validate (7 chains),,Y,Y,,,Pending,,,Needs Check,,,
3-Multi-Chain Dist; 2-Medium Conf,Health & Glow,Sri Vijaya Durga Agencies_Mt,Sri Vijaya Durga Agencies,Dist.,Mamaearth,Monthly dynamic Cont% (secondary-driven),14,Apr'25–May'26,0.21,0.02,0.58,Medium,Multi-chain distributor; split by secondary Cont% — validate (7 chains),,Y,Y,,,Pending,,,Needs Check,,,
3-Multi-Chain Dist; 2-Medium Conf,Health & Glow,Sri Vijaya Durga Agencies_Mt,Sri Vijaya Durga Agencies,Dist.,The Derma Co.,Monthly dynamic Cont% (secondary-driven),14,Apr'25–May'26,24.59,0.28,92.69,Medium,Multi-chain distributor; split by secondary Cont% — validate (7 chains),,Y,Y,,,Pending,,,Needs Check,,,
3-Multi-Chain Dist; 2-Medium Conf,Health & Glow,VENKATESHWARA AGENCIES-TG,VENKATESHWARA AGENCIES,Dist.,Aqualogica,Monthly dynamic Cont% (secondary-driven),7,Nov'25–May'26,49.83,28.53,85.55,Medium,Multi-chain distributor; split by secondary Cont% — validate (8 chains),,Y,Y,,,Pending,,,Needs Check,,,
3-Multi-Chain Dist; 2-Medium Conf,Health & Glow,VENKATESHWARA AGENCIES-TG,VENKATESHWARA AGENCIES,Dist.,BBlunt,Monthly dynamic Cont% (secondary-driven),7,Nov'25–May'26,86.05,60.67,104.51,Medium,Multi-chain distributor; split by secondary Cont% — validate (8 chains),,Y,Y,,,Pending,,,Needs Check,,,
3-Multi-Chain Dist; 2-Medium Conf,Health & Glow,VENKATESHWARA AGENCIES-TG,VENKATESHWARA AGENCIES,Dist.,Dr. Sheth's,Monthly dynamic Cont% (secondary-driven),5,Dec'25–Apr'26,100.0,100.0,100.0,Medium,Multi-chain distributor; split by secondary Cont% — validate (8 chains),,Y,Y,,,Pending,,,Needs Check,,,
3-Multi-Chain Dist; 2-Medium Conf,Health & Glow,VENKATESHWARA AGENCIES-TG,VENKATESHWARA AGENCIES,Dist.,Mamaearth,Monthly dynamic Cont% (secondary-driven),7,Nov'25–May'26,6.02,0.32,17.4,Medium,Multi-chain distributor; split by secondary Cont% — validate (8 chains),,Y,Y,,,Pending,,,Needs Check,,,
3-Multi-Chain Dist; 2-Medium Conf,Health & Glow,VENKATESHWARA AGENCIES-TG,VENKATESHWARA AGENCIES,Dist.,The Derma Co.,Monthly dynamic Cont% (secondary-driven),6,Nov'25–May'26,16.03,6.06,40.3,Medium,Multi-chain distributor; split by secondary Cont% — validate (8 chains),,Y,Y,,,Pending,,,Needs Check,,,
3-Multi-Chain Dist; 2-Medium Conf,Health & Glow,Vanaja Agencies_Mt,Vanaja Agencies,Dist.,Aqualogica,Monthly dynamic Cont% (secondary-driven),5,Apr'25–Aug'25,35.95,18.18,49.37,Medium,Multi-chain distributor; split by secondary Cont% — validate (9 chains),,Y,Y,,,Pending,,,Needs Check,,,
3-Multi-Chain Dist; 2-Medium Conf,Health & Glow,Vanaja Agencies_Mt,Vanaja Agencies,Dist.,BBlunt,Monthly dynamic Cont% (secondary-driven),5,Apr'25–Aug'25,82.85,57.58,95.77,Medium,Multi-chain distributor; split by secondary Cont% — validate (9 chains),,Y,Y,,,Pending,,,Needs Check,,,
3-Multi-Chain Dist; 2-Medium Conf,Health & Glow,Vanaja Agencies_Mt,Vanaja Agencies,Dist.,Mamaearth,Monthly dynamic Cont% (secondary-driven),5,Apr'25–Aug'25,7.09,4.27,8.98,Medium,Multi-chain distributor; split by secondary Cont% — validate (9 chains),,Y,Y,,,Pending,,,Needs Check,,,
3-Multi-Chain Dist; 2-Medium Conf,Health & Glow,Vanaja Agencies_Mt,Vanaja Agencies,Dist.,The Derma Co.,Monthly dynamic Cont% (secondary-driven),5,Apr'25–Aug'25,56.45,51.64,67.56,Medium,Multi-chain distributor; split by secondary Cont% — validate (9 chains),,Y,Y,,,Pending,,,Needs Check,,,
3-Multi-Chain Dist; 2-Medium Conf,Lulu,CHHABRA TRADERS_Ship To,CHHABRA TRADERS,Dist.,Aqualogica,Monthly dynamic Cont% (secondary-driven),1,May'26–May'26,100.0,100.0,100.0,Medium,Multi-chain distributor; split by secondary Cont% — validate (5 chains),,Y,Y,,,Pending,,,Needs Check,,,
3-Multi-Chain Dist; 2-Medium Conf,Lulu,CHHABRA TRADERS_Ship To,CHHABRA TRADERS,Dist.,Mamaearth,Monthly dynamic Cont% (secondary-driven),8,Apr'25–Jan'26,67.42,10.98,100.0,Medium,Multi-chain distributor; split by secondary Cont% — validate (5 chains),,Y,Y,,,Pending,,,Needs Check,,,
3-Multi-Chain Dist; 2-Medium Conf,Lulu,CHHABRA TRADERS_Ship To,CHHABRA TRADERS,Dist.,The Derma Co.,Monthly dynamic Cont% (secondary-driven),14,Apr'25–May'26,78.64,15.0,100.0,Medium,Multi-chain distributor; split by secondary Cont% — validate (5 chains),,Y,Y,,,Pending,,,Needs Check,,,
3-Multi-Chain Dist; 2-Medium Conf,Lulu,Chhabra Traders,Chhabra Traders,Dist.,Mamaearth,Monthly dynamic Cont% (secondary-driven),7,Jul'25–May'26,43.84,3.53,100.0,Medium,Multi-chain distributor; split by secondary Cont% — validate (5 chains),,Y,Y,,,Pending,,,Needs Check,,,
3-Multi-Chain Dist; 2-Medium Conf,Lulu,Chhabra Traders,Chhabra Traders,Dist.,The Derma Co.,Monthly dynamic Cont% (secondary-driven),5,Jul'25–Mar'26,83.33,32.06,100.0,Medium,Multi-chain distributor; split by secondary Cont% — validate (5 chains),,Y,Y,,,Pending,,,Needs Check,,,
3-Multi-Chain Dist; 2-Medium Conf,Lulu,G.V Enterprises,G.V Enterprises,Dist.,Aqualogica,Monthly dynamic Cont% (secondary-driven),14,Apr'25–May'26,83.96,3.52,100.0,Medium,Multi-chain distributor; split by secondary Cont% — validate (4 chains),,Y,Y,,,Pending,,,Needs Check,,,
3-Multi-Chain Dist; 2-Medium Conf,Lulu,G.V Enterprises,G.V Enterprises,Dist.,Mamaearth,Monthly dynamic Cont% (secondary-driven),14,Apr'25–May'26,4.89,0.24,10.02,Medium,Multi-chain distributor; split by secondary Cont% — validate (4 chains),,Y,Y,,,Pending,,,Needs Check,,,
3-Multi-Chain Dist; 2-Medium Conf,Lulu,G.V Enterprises,G.V Enterprises,Dist.,The Derma Co.,Monthly dynamic Cont% (secondary-driven),14,Apr'25–May'26,22.92,0.05,61.84,Medium,Multi-chain distributor; split by secondary Cont% — validate (4 chains),,Y,Y,,,Pending,,,Needs Check,,,
3-Multi-Chain Dist; 2-Medium Conf,Lulu,M/S KOTTARAM BUSINESS CORPORATION-MT,M/S KOTTARAM BUSINESS CORPORATION,Dist.,Aqualogica,Monthly dynamic Cont% (secondary-driven),12,Apr'25–May'26,91.62,36.1,100.0,Medium,Multi-chain distributor; split by secondary Cont% — validate (3 chains),,Y,Y,,,Pending,,,Needs Check,,,
3-Multi-Chain Dist; 2-Medium Conf,Lulu,M/S KOTTARAM BUSINESS CORPORATION-MT,M/S KOTTARAM BUSINESS CORPORATION,Dist.,BBlunt,Monthly dynamic Cont% (secondary-driven),2,Dec'25–Mar'26,100.0,100.0,100.0,Medium,Multi-chain distributor; split by secondary Cont% — validate (3 chains),,Y,Y,,,Pending,,,Needs Check,,,
3-Multi-Chain Dist; 2-Medium Conf,Lulu,M/S KOTTARAM BUSINESS CORPORATION-MT,M/S KOTTARAM BUSINESS CORPORATION,Dist.,Mamaearth,Monthly dynamic Cont% (secondary-driven),13,Apr'25–May'26,67.95,20.85,100.0,Medium,Multi-chain distributor; split by secondary Cont% — validate (3 chains),,Y,Y,,,Pending,,,Needs Check,,,
3-Multi-Chain Dist; 2-Medium Conf,Lulu,M/S KOTTARAM BUSINESS CORPORATION-MT,M/S KOTTARAM BUSINESS CORPORATION,Dist.,The Derma Co.,Monthly dynamic Cont% (secondary-driven),12,Apr'25–May'26,73.36,14.32,100.0,Medium,Multi-chain distributor; split by secondary Cont% — validate (3 chains),,Y,Y,,,Pending,,,Needs Check,,,
3-Multi-Chain Dist; 2-Medium Conf,Lulu,VENKATESHWARA AGENCIES-TG,VENKATESHWARA AGENCIES,Dist.,Aqualogica,Monthly dynamic Cont% (secondary-driven),6,Nov'25–May'26,13.44,1.87,27.73,Medium,Multi-chain distributor; split by secondary Cont% — validate (8 chains),,Y,Y,,,Pending,,,Needs Check,,,
3-Multi-Chain Dist; 2-Medium Conf,Lulu,VENKATESHWARA AGENCIES-TG,VENKATESHWARA AGENCIES,Dist.,Mamaearth,Monthly dynamic Cont% (secondary-driven),7,Nov'25–May'26,7.36,0.48,20.94,Medium,Multi-chain distributor; split by secondary Cont% — validate (8 chains),,Y,Y,,,Pending,,,Needs Check,,,
3-Multi-Chain Dist; 2-Medium Conf,Lulu,VENKATESHWARA AGENCIES-TG,VENKATESHWARA AGENCIES,Dist.,The Derma Co.,Monthly dynamic Cont% (secondary-driven),6,Nov'25–May'26,7.9,0.41,22.76,Medium,Multi-chain distributor; split by secondary Cont% — validate (8 chains),,Y,Y,,,Pending,,,Needs Check,,,
3-Multi-Chain Dist; 2-Medium Conf,Lulu,Vanaja Agencies_Mt,Vanaja Agencies,Dist.,Aqualogica,Monthly dynamic Cont% (secondary-driven),6,Apr'25–Dec'25,8.18,2.77,16.32,Medium,Multi-chain distributor; split by secondary Cont% — validate (9 chains),,Y,Y,,,Pending,,,Needs Check,,,
3-Multi-Chain Dist; 2-Medium Conf,Lulu,Vanaja Agencies_Mt,Vanaja Agencies,Dist.,Mamaearth,Monthly dynamic Cont% (secondary-driven),6,Apr'25–Dec'25,2.71,0.5,6.27,Medium,Multi-chain distributor; split by secondary Cont% — validate (9 chains),,Y,Y,,,Pending,,,Needs Check,,,
3-Multi-Chain Dist; 2-Medium Conf,Lulu,Vanaja Agencies_Mt,Vanaja Agencies,Dist.,The Derma Co.,Monthly dynamic Cont% (secondary-driven),6,Apr'25–Dec'25,2.08,0.44,4.28,Medium,Multi-chain distributor; split by secondary Cont% — validate (9 chains),,Y,Y,,,Pending,,,Needs Check,,,
3-Multi-Chain Dist; 2-Medium Conf,Medanta,Sancus Networks Private Limited-RMT,Sancus Networks Private Limited,Dist.,Mamaearth,Monthly dynamic Cont% (secondary-driven),1,May'26–May'26,0.47,0.47,0.47,Medium,Multi-chain distributor; split by secondary Cont% — validate (5 chains),,Y,Y,,,Pending,,,Needs Check,,,
3-Multi-Chain Dist; 2-Medium Conf,More Retail,D.L. Sales - MT,D.L. Sales,Dist.,Aqualogica,Monthly dynamic Cont% (secondary-driven),12,May'25–May'26,58.74,24.05,100.0,Medium,Multi-chain distributor; split by secondary Cont% — validate (13 chains),,Y,Y,,,Pending,,,Needs Check,,,
3-Multi-Chain Dist; 2-Medium Conf,More Retail,D.L. Sales - MT,D.L. Sales,Dist.,Mamaearth,Monthly dynamic Cont% (secondary-driven),14,Apr'25–May'26,19.99,3.44,27.84,Medium,Multi-chain distributor; split by secondary Cont% — validate (13 chains),,Y,Y,,,Pending,,,Needs Check,,,
3-Multi-Chain Dist; 2-Medium Conf,More Retail,D.L. Sales - MT,D.L. Sales,Dist.,The Derma Co.,Monthly dynamic Cont% (secondary-driven),12,May'25–May'26,27.44,7.47,69.08,Medium,Multi-chain distributor; split by secondary Cont% — validate (13 chains),,Y,Y,,,Pending,,,Needs Check,,,
3-Multi-Chain Dist; 2-Medium Conf,More Retail,Sancus Networks Private Limited-RMT,Sancus Networks Private Limited,Dist.,Aqualogica,Monthly dynamic Cont% (secondary-driven),1,Mar'26–Mar'26,6.54,6.54,6.54,Medium,Multi-chain distributor; split by secondary Cont% — validate (5 chains),,Y,Y,,,Pending,,,Needs Check,,,
3-Multi-Chain Dist; 2-Medium Conf,More Retail,Sancus Networks Private Limited-RMT,Sancus Networks Private Limited,Dist.,Mamaearth,Monthly dynamic Cont% (secondary-driven),11,Apr'25–May'26,11.24,1.47,21.22,Medium,Multi-chain distributor; split by secondary Cont% — validate (5 chains),,Y,Y,,,Pending,,,Needs Check,,,
3-Multi-Chain Dist; 2-Medium Conf,More Retail,Sancus Networks Private Limited-RMT,Sancus Networks Private Limited,Dist.,The Derma Co.,Monthly dynamic Cont% (secondary-driven),2,Sep'25–Mar'26,21.27,14.77,27.76,Medium,Multi-chain distributor; split by secondary Cont% — validate (5 chains),,Y,Y,,,Pending,,,Needs Check,,,
3-Multi-Chain Dist; 2-Medium Conf,More Retail,Sri Vijaya Durga Agencies_Mt,Sri Vijaya Durga Agencies,Dist.,Mamaearth,Monthly dynamic Cont% (secondary-driven),13,Apr'25–May'26,1.08,0.03,3.18,Medium,Multi-chain distributor; split by secondary Cont% — validate (7 chains),,Y,Y,,,Pending,,,Needs Check,,,
3-Multi-Chain Dist; 2-Medium Conf,More Retail,VENKATESHWARA AGENCIES-TG,VENKATESHWARA AGENCIES,Dist.,Aqualogica,Monthly dynamic Cont% (secondary-driven),5,Dec'25–May'26,36.25,32.21,42.44,Medium,Multi-chain distributor; split by secondary Cont% — validate (8 chains),,Y,Y,,,Pending,,,Needs Check,,,
3-Multi-Chain Dist; 2-Medium Conf,More Retail,VENKATESHWARA AGENCIES-TG,VENKATESHWARA AGENCIES,Dist.,Mamaearth,Monthly dynamic Cont% (secondary-driven),7,Nov'25–May'26,14.31,3.8,45.57,Medium,Multi-chain distributor; split by secondary Cont% — validate (8 chains),,Y,Y,,,Pending,,,Needs Check,,,
3-Multi-Chain Dist; 2-Medium Conf,More Retail,VENKATESHWARA AGENCIES-TG,VENKATESHWARA AGENCIES,Dist.,The Derma Co.,Monthly dynamic Cont% (secondary-driven),6,Nov'25–May'26,11.27,2.16,19.32,Medium,Multi-chain distributor; split by secondary Cont% — validate (8 chains),,Y,Y,,,Pending,,,Needs Check,,,
3-Multi-Chain Dist; 2-Medium Conf,More Retail,Vanaja Agencies_Mt,Vanaja Agencies,Dist.,Aqualogica,Monthly dynamic Cont% (secondary-driven),6,Apr'25–Dec'25,13.68,2.95,24.23,Medium,Multi-chain distributor; split by secondary Cont% — validate (9 chains),,Y,Y,,,Pending,,,Needs Check,,,
3-Multi-Chain Dist; 2-Medium Conf,More Retail,Vanaja Agencies_Mt,Vanaja Agencies,Dist.,Mamaearth,Monthly dynamic Cont% (secondary-driven),6,Apr'25–Dec'25,10.35,4.32,13.51,Medium,Multi-chain distributor; split by secondary Cont% — validate (9 chains),,Y,Y,,,Pending,,,Needs Check,,,
3-Multi-Chain Dist; 2-Medium Conf,More Retail,Vanaja Agencies_Mt,Vanaja Agencies,Dist.,The Derma Co.,Monthly dynamic Cont% (secondary-driven),6,Apr'25–Dec'25,13.6,0.75,24.51,Medium,Multi-chain distributor; split by secondary Cont% — validate (9 chains),,Y,Y,,,Pending,,,Needs Check,,,
3-Multi-Chain Dist; 2-Medium Conf,National Mart,VENKATESHWARA AGENCIES-TG,VENKATESHWARA AGENCIES,Dist.,Mamaearth,Monthly dynamic Cont% (secondary-driven),3,Mar'26–May'26,2.27,0.46,3.68,Medium,Multi-chain distributor; split by secondary Cont% — validate (8 chains),,Y,Y,,,Pending,,,Needs Check,,,
3-Multi-Chain Dist; 2-Medium Conf,Pothys,G.V Enterprises,G.V Enterprises,Dist.,Aqualogica,Monthly dynamic Cont% (secondary-driven),2,May'25–Jun'25,5.26,5.0,5.52,Medium,Multi-chain distributor; split by secondary Cont% — validate (4 chains),,Y,Y,,,Pending,,,Needs Check,,,
3-Multi-Chain Dist; 2-Medium Conf,Pothys,G.V Enterprises,G.V Enterprises,Dist.,BBlunt,Monthly dynamic Cont% (secondary-driven),2,May'25–Aug'25,100.0,100.0,100.0,Medium,Multi-chain distributor; split by secondary Cont% — validate (4 chains),,Y,Y,,,Pending,,,Needs Check,,,
3-Multi-Chain Dist; 2-Medium Conf,Pothys,G.V Enterprises,G.V Enterprises,Dist.,Mamaearth,Monthly dynamic Cont% (secondary-driven),3,Apr'25–Jun'25,4.5,2.61,6.0,Medium,Multi-chain distributor; split by secondary Cont% — validate (4 chains),,Y,Y,,,Pending,,,Needs Check,,,
3-Multi-Chain Dist; 2-Medium Conf,Pothys,G.V Enterprises,G.V Enterprises,Dist.,The Derma Co.,Monthly dynamic Cont% (secondary-driven),3,Apr'25–Jun'25,4.42,0.33,7.11,Medium,Multi-chain distributor; split by secondary Cont% — validate (4 chains),,Y,Y,,,Pending,,,Needs Check,,,
3-Multi-Chain Dist; 2-Medium Conf,Pothys,Sri Lalitha Enterprises,Sri Lalitha Enterprises,Dist.,BBlunt,Monthly dynamic Cont% (secondary-driven),1,Feb'26–Feb'26,100.0,100.0,100.0,Medium,Multi-chain distributor; split by secondary Cont% — validate (3 chains),,Y,Y,,,Pending,,,Needs Check,,,
3-Multi-Chain Dist; 2-Medium Conf,Pothys,Sri Lalitha Enterprises,Sri Lalitha Enterprises,Dist.,Mamaearth,Monthly dynamic Cont% (secondary-driven),4,Apr'25–Feb'26,44.9,16.05,100.0,Medium,Multi-chain distributor; split by secondary Cont% — validate (3 chains),,Y,Y,,,Pending,,,Needs Check,,,
3-Multi-Chain Dist; 2-Medium Conf,RMT-Sancus,Sancus Networks Private Limited-RMT,Sancus Networks Private Limited,Dist.,Aqualogica,Monthly dynamic Cont% (secondary-driven),14,Apr'25–May'26,99.53,93.46,100.0,Medium,Multi-chain distributor; split by secondary Cont% — validate (5 chains),,Y,Y,,,Pending,,,Needs Check,,,
3-Multi-Chain Dist; 2-Medium Conf,RMT-Sancus,Sancus Networks Private Limited-RMT,Sancus Networks Private Limited,Dist.,BBlunt,Monthly dynamic Cont% (secondary-driven),9,Apr'25–Apr'26,100.0,100.0,100.0,Medium,Multi-chain distributor; split by secondary Cont% — validate (5 chains),,Y,Y,,,Pending,,,Needs Check,,,
3-Multi-Chain Dist; 2-Medium Conf,RMT-Sancus,Sancus Networks Private Limited-RMT,Sancus Networks Private Limited,Dist.,Mamaearth,Monthly dynamic Cont% (secondary-driven),14,Apr'25–May'26,71.38,29.75,100.0,Medium,Multi-chain distributor; split by secondary Cont% — validate (5 chains),,Y,Y,,,Pending,,,Needs Check,,,
3-Multi-Chain Dist; 2-Medium Conf,RMT-Sancus,Sancus Networks Private Limited-RMT,Sancus Networks Private Limited,Dist.,The Derma Co.,Monthly dynamic Cont% (secondary-driven),14,Apr'25–May'26,75.41,8.54,100.0,Medium,Multi-chain distributor; split by secondary Cont% — validate (5 chains),,Y,Y,,,Pending,,,Needs Check,,,
3-Multi-Chain Dist; 2-Medium Conf,Ratnadeep,VENKATESHWARA AGENCIES-TG,VENKATESHWARA AGENCIES,Dist.,Mamaearth,Monthly dynamic Cont% (secondary-driven),6,Dec'25–May'26,11.52,1.2,26.51,Medium,Multi-chain distributor; split by secondary Cont% — validate (8 chains),,Y,Y,,,Pending,,,Needs Check,,,
3-Multi-Chain Dist; 2-Medium Conf,Ratnadeep,Vanaja Agencies_Mt,Vanaja Agencies,Dist.,Mamaearth,Monthly dynamic Cont% (secondary-driven),6,Apr'25–Dec'25,10.32,7.56,14.57,Medium,Multi-chain distributor; split by secondary Cont% — validate (9 chains),,Y,Y,,,Pending,,,Needs Check,,,
3-Multi-Chain Dist; 2-Medium Conf,Reliance Retail,BALAJI ASSOCIATES Distributor MT,BALAJI ASSOCIATES Distributor MT,Dist.,Aqualogica,Monthly dynamic Cont% (secondary-driven),11,Apr'25–Apr'26,100.0,100.0,100.0,Medium,Multi-chain distributor; split by secondary Cont% — validate (3 chains),,Y,Y,,,Pending,,,Needs Check,,,
3-Multi-Chain Dist; 2-Medium Conf,Reliance Retail,BALAJI ASSOCIATES Distributor MT,BALAJI ASSOCIATES Distributor MT,Dist.,BBlunt,Monthly dynamic Cont% (secondary-driven),9,Apr'25–Mar'26,100.0,100.0,100.0,Medium,Multi-chain distributor; split by secondary Cont% — validate (3 chains),,Y,Y,,,Pending,,,Needs Check,,,
3-Multi-Chain Dist; 2-Medium Conf,Reliance Retail,BALAJI ASSOCIATES Distributor MT,BALAJI ASSOCIATES Distributor MT,Dist.,Mamaearth,Monthly dynamic Cont% (secondary-driven),13,Apr'25–May'26,68.21,4.3,100.0,Medium,Multi-chain distributor; split by secondary Cont% — validate (3 chains),,Y,Y,,,Pending,,,Needs Check,,,
3-Multi-Chain Dist; 2-Medium Conf,Reliance Retail,BALAJI ASSOCIATES Distributor MT,BALAJI ASSOCIATES Distributor MT,Dist.,The Derma Co.,Monthly dynamic Cont% (secondary-driven),12,Apr'25–Apr'26,91.15,14.7,100.0,Medium,Multi-chain distributor; split by secondary Cont% — validate (3 chains),,Y,Y,,,Pending,,,Needs Check,,,
3-Multi-Chain Dist; 2-Medium Conf,Reliance Retail,D.L. Sales - MT,D.L. Sales,Dist.,Mamaearth,Monthly dynamic Cont% (secondary-driven),1,Sep'25–Sep'25,0.01,0.01,0.01,Medium,Multi-chain distributor; split by secondary Cont% — validate (13 chains),,Y,Y,,,Pending,,,Needs Check,,,
3-Multi-Chain Dist; 2-Medium Conf,Reliance Retail,SAI SAACHI ASSOCIATES-MT-OR,SAI SAACHI ASSOCIATES,Dist.,The Derma Co.,Monthly dynamic Cont% (secondary-driven),1,Sep'25–Sep'25,100.0,100.0,100.0,Medium,Multi-chain distributor; split by secondary Cont% — validate (4 chains),,Y,Y,,,Pending,,,Needs Check,,,
3-Multi-Chain Dist; 2-Medium Conf,Reliance Retail,Sri Vijaya Durga Agencies_Mt,Sri Vijaya Durga Agencies,Dist.,Aqualogica,Monthly dynamic Cont% (secondary-driven),10,Apr'25–May'26,75.08,15.81,97.46,Medium,Multi-chain distributor; split by secondary Cont% — validate (7 chains),,Y,Y,,,Pending,,,Needs Check,,,
3-Multi-Chain Dist; 2-Medium Conf,Reliance Retail,Sri Vijaya Durga Agencies_Mt,Sri Vijaya Durga Agencies,Dist.,Mamaearth,Monthly dynamic Cont% (secondary-driven),14,Apr'25–May'26,17.7,3.85,33.6,Medium,Multi-chain distributor; split by secondary Cont% — validate (7 chains),,Y,Y,,,Pending,,,Needs Check,,,
3-Multi-Chain Dist; 2-Medium Conf,Reliance Retail,Sri Vijaya Durga Agencies_Mt,Sri Vijaya Durga Agencies,Dist.,The Derma Co.,Monthly dynamic Cont% (secondary-driven),8,Apr'25–May'26,22.3,4.74,57.85,Medium,Multi-chain distributor; split by secondary Cont% — validate (7 chains),,Y,Y,,,Pending,,,Needs Check,,,
3-Multi-Chain Dist; 2-Medium Conf,Reliance Retail,Vanaja Agencies_Mt,Vanaja Agencies,Dist.,Aqualogica,Monthly dynamic Cont% (secondary-driven),6,Apr'25–Dec'25,30.64,6.87,52.56,Medium,Multi-chain distributor; split by secondary Cont% — validate (9 chains),,Y,Y,,,Pending,,,Needs Check,,,
3-Multi-Chain Dist; 2-Medium Conf,Reliance Retail,Vanaja Agencies_Mt,Vanaja Agencies,Dist.,BBlunt,Monthly dynamic Cont% (secondary-driven),4,Apr'25–Jul'25,6.88,3.67,13.79,Medium,Multi-chain distributor; split by secondary Cont% — validate (9 chains),,Y,Y,,,Pending,,,Needs Check,,,
3-Multi-Chain Dist; 2-Medium Conf,Reliance Retail,Vanaja Agencies_Mt,Vanaja Agencies,Dist.,Mamaearth,Monthly dynamic Cont% (secondary-driven),6,Apr'25–Dec'25,28.52,9.63,42.04,Medium,Multi-chain distributor; split by secondary Cont% — validate (9 chains),,Y,Y,,,Pending,,,Needs Check,,,
3-Multi-Chain Dist; 2-Medium Conf,Reliance Retail,Vanaja Agencies_Mt,Vanaja Agencies,Dist.,The Derma Co.,Monthly dynamic Cont% (secondary-driven),4,Apr'25–Jul'25,2.54,0.49,5.82,Medium,Multi-chain distributor; split by secondary Cont% — validate (9 chains),,Y,Y,,,Pending,,,Needs Check,,,
3-Multi-Chain Dist; 2-Medium Conf,Sarvana,Sri Lalitha Enterprises,Sri Lalitha Enterprises,Dist.,BBlunt,Monthly dynamic Cont% (secondary-driven),1,Nov'25–Nov'25,100.0,100.0,100.0,Medium,Multi-chain distributor; split by secondary Cont% — validate (3 chains),,Y,Y,,,Pending,,,Needs Check,,,
3-Multi-Chain Dist; 2-Medium Conf,Sarvana,Sri Lalitha Enterprises,Sri Lalitha Enterprises,Dist.,Mamaearth,Monthly dynamic Cont% (secondary-driven),4,Apr'25–Nov'25,63.29,44.58,100.0,Medium,Multi-chain distributor; split by secondary Cont% — validate (3 chains),,Y,Y,,,Pending,,,Needs Check,,,
3-Multi-Chain Dist; 2-Medium Conf,SastaSundar,D.L. Sales - MT,D.L. Sales,Dist.,Mamaearth,Monthly dynamic Cont% (secondary-driven),13,Apr'25–May'26,2.18,0.4,5.73,Medium,Multi-chain distributor; split by secondary Cont% — validate (13 chains),,Y,Y,,,Pending,,,Needs Check,,,
3-Multi-Chain Dist; 2-Medium Conf,SastaSundar,D.L. Sales - MT,D.L. Sales,Dist.,The Derma Co.,Monthly dynamic Cont% (secondary-driven),2,Oct'25–Nov'25,2.17,0.54,3.79,Medium,Multi-chain distributor; split by secondary Cont% — validate (13 chains),,Y,Y,,,Pending,,,Needs Check,,,
3-Multi-Chain Dist; 2-Medium Conf,Sohum Shoppe,SC BUSINESS COMBINE_MT,SC BUSINESS COMBINE,Dist.,Mamaearth,Monthly dynamic Cont% (secondary-driven),2,Oct'25–Apr'26,54.43,8.85,100.0,Medium,Multi-chain distributor; split by secondary Cont% — validate (3 chains),,Y,Y,,,Pending,,,Needs Check,,,
3-Multi-Chain Dist; 2-Medium Conf,Spencers,CHHABRA TRADERS_Ship To,CHHABRA TRADERS,Dist.,BBlunt,Monthly dynamic Cont% (secondary-driven),2,May'25–Jun'25,100.0,100.0,100.0,Medium,Multi-chain distributor; split by secondary Cont% — validate (5 chains),,Y,Y,,,Pending,,,Needs Check,,,
3-Multi-Chain Dist; 2-Medium Conf,Spencers,CHHABRA TRADERS_Ship To,CHHABRA TRADERS,Dist.,Mamaearth,Monthly dynamic Cont% (secondary-driven),6,May'25–Dec'25,32.16,12.64,100.0,Medium,Multi-chain distributor; split by secondary Cont% — validate (5 chains),,Y,Y,,,Pending,,,Needs Check,,,
3-Multi-Chain Dist; 2-Medium Conf,Spencers,CHHABRA TRADERS_Ship To,CHHABRA TRADERS,Dist.,The Derma Co.,Monthly dynamic Cont% (secondary-driven),1,Feb'26–Feb'26,50.29,50.29,50.29,Medium,Multi-chain distributor; split by secondary Cont% — validate (5 chains),,Y,Y,,,Pending,,,Needs Check,,,
3-Multi-Chain Dist; 2-Medium Conf,Spencers,Chhabra Traders,Chhabra Traders,Dist.,BBlunt,Monthly dynamic Cont% (secondary-driven),2,Sep'25–Jan'26,100.0,100.0,100.0,Medium,Multi-chain distributor; split by secondary Cont% — validate (5 chains),,Y,Y,,,Pending,,,Needs Check,,,
3-Multi-Chain Dist; 2-Medium Conf,Spencers,Chhabra Traders,Chhabra Traders,Dist.,Mamaearth,Monthly dynamic Cont% (secondary-driven),6,Jul'25–May'26,30.53,10.97,100.0,Medium,Multi-chain distributor; split by secondary Cont% — validate (5 chains),,Y,Y,,,Pending,,,Needs Check,,,
3-Multi-Chain Dist; 2-Medium Conf,Spencers,D.L. Sales - MT,D.L. Sales,Dist.,BBlunt,Monthly dynamic Cont% (secondary-driven),5,Apr'25–Sep'25,46.99,32.44,67.26,Medium,Multi-chain distributor; split by secondary Cont% — validate (13 chains),,Y,Y,,,Pending,,,Needs Check,,,
3-Multi-Chain Dist; 2-Medium Conf,Spencers,D.L. Sales - MT,D.L. Sales,Dist.,Mamaearth,Monthly dynamic Cont% (secondary-driven),14,Apr'25–May'26,20.32,6.25,35.11,Medium,Multi-chain distributor; split by secondary Cont% — validate (13 chains),,Y,Y,,,Pending,,,Needs Check,,,
3-Multi-Chain Dist; 2-Medium Conf,Spencers,D.L. Sales - MT,D.L. Sales,Dist.,The Derma Co.,Monthly dynamic Cont% (secondary-driven),9,Apr'25–May'26,8.03,1.59,42.33,Medium,Multi-chain distributor; split by secondary Cont% — validate (13 chains),,Y,Y,,,Pending,,,Needs Check,,,
3-Multi-Chain Dist; 2-Medium Conf,Spencers,Sri Vijaya Durga Agencies_Mt,Sri Vijaya Durga Agencies,Dist.,Mamaearth,Monthly dynamic Cont% (secondary-driven),1,Feb'26–Feb'26,2.5,2.5,2.5,Medium,Multi-chain distributor; split by secondary Cont% — validate (7 chains),,Y,Y,,,Pending,,,Needs Check,,,
3-Multi-Chain Dist; 2-Medium Conf,Spencers,VENKATESHWARA AGENCIES-TG,VENKATESHWARA AGENCIES,Dist.,The Derma Co.,Monthly dynamic Cont% (secondary-driven),1,Jan'26–Jan'26,1.56,1.56,1.56,Medium,Multi-chain distributor; split by secondary Cont% — validate (8 chains),,Y,Y,,,Pending,,,Needs Check,,,
3-Multi-Chain Dist; 2-Medium Conf,Sumo Save,D.L. Sales - MT,D.L. Sales,Dist.,Mamaearth,Monthly dynamic Cont% (secondary-driven),3,Mar'26–May'26,5.5,3.19,8.43,Medium,Multi-chain distributor; split by secondary Cont% — validate (13 chains),,Y,Y,,,Pending,,,Needs Check,,,
3-Multi-Chain Dist; 2-Medium Conf,V-Mart,D.L. Sales - MT,D.L. Sales,Dist.,Mamaearth,Monthly dynamic Cont% (secondary-driven),7,Apr'25–Mar'26,2.72,0.63,4.53,Medium,Multi-chain distributor; split by secondary Cont% — validate (13 chains),,Y,Y,,,Pending,,,Needs Check,,,
3-Multi-Chain Dist; 2-Medium Conf,V-Mart,SAI SAACHI ASSOCIATES-MT-OR,SAI SAACHI ASSOCIATES,Dist.,Mamaearth,Monthly dynamic Cont% (secondary-driven),8,Jun'25–Jan'26,88.04,11.27,100.0,Medium,Multi-chain distributor; split by secondary Cont% — validate (4 chains),,Y,Y,,,Pending,,,Needs Check,,,
3-Multi-Chain Dist; 2-Medium Conf,V-Mart,SC BUSINESS COMBINE_MT,SC BUSINESS COMBINE,Dist.,Mamaearth,Monthly dynamic Cont% (secondary-driven),4,May'25–Oct'25,96.9,87.61,100.0,Medium,Multi-chain distributor; split by secondary Cont% — validate (3 chains),,Y,Y,,,Pending,,,Needs Check,,,
3-Multi-Chain Dist; 2-Medium Conf,Vijetha,Vanaja Agencies_Mt,Vanaja Agencies,Dist.,Mamaearth,Monthly dynamic Cont% (secondary-driven),4,Apr'25–Jul'25,5.17,3.79,7.2,Medium,Multi-chain distributor; split by secondary Cont% — validate (9 chains),,Y,Y,,,Pending,,,Needs Check,,,
3-Multi-Chain Dist; 2-Medium Conf,Vishal Mega Mart,BALAJI ASSOCIATES Distributor MT,BALAJI ASSOCIATES Distributor MT,Dist.,Mamaearth,Monthly dynamic Cont% (secondary-driven),12,Apr'25–May'26,19.68,0.41,41.41,Medium,Multi-chain distributor; split by secondary Cont% — validate (3 chains),,Y,Y,,,Pending,,,Needs Check,,,
3-Multi-Chain Dist; 2-Medium Conf,Vishal Mega Mart,CHHABRA TRADERS_Ship To,CHHABRA TRADERS,Dist.,Mamaearth,Monthly dynamic Cont% (secondary-driven),8,Apr'25–Mar'26,28.44,1.41,100.0,Medium,Multi-chain distributor; split by secondary Cont% — validate (5 chains),,Y,Y,,,Pending,,,Needs Check,,,
3-Multi-Chain Dist; 2-Medium Conf,Vishal Mega Mart,Chhabra Traders,Chhabra Traders,Dist.,Mamaearth,Monthly dynamic Cont% (secondary-driven),4,Jul'25–Apr'26,25.44,1.41,100.0,Medium,Multi-chain distributor; split by secondary Cont% — validate (5 chains),,Y,Y,,,Pending,,,Needs Check,,,
3-Multi-Chain Dist; 2-Medium Conf,Vishal Mega Mart,D.L. Sales - MT,D.L. Sales,Dist.,Mamaearth,Monthly dynamic Cont% (secondary-driven),10,Apr'25–May'26,4.13,0.08,12.8,Medium,Multi-chain distributor; split by secondary Cont% — validate (13 chains),,Y,Y,,,Pending,,,Needs Check,,,
3-Multi-Chain Dist; 2-Medium Conf,Vishal Mega Mart,MANOJ SOAP AGENCY-MT,MANOJ SOAP AGENCY,Dist.,Mamaearth,Monthly dynamic Cont% (secondary-driven),1,Apr'26–Apr'26,100.0,100.0,100.0,Medium,Multi-chain distributor; split by secondary Cont% — validate (2 chains),,Y,Y,,,Pending,,,Needs Check,,,
3-Multi-Chain Dist; 2-Medium Conf,Vishal Mega Mart,SAI SAACHI ASSOCIATES-MT-OR,SAI SAACHI ASSOCIATES,Dist.,Aqualogica,Monthly dynamic Cont% (secondary-driven),1,Dec'25–Dec'25,100.0,100.0,100.0,Medium,Multi-chain distributor; split by secondary Cont% — validate (4 chains),,Y,Y,,,Pending,,,Needs Check,,,
3-Multi-Chain Dist; 2-Medium Conf,Vishal Mega Mart,SAI SAACHI ASSOCIATES-MT-OR,SAI SAACHI ASSOCIATES,Dist.,Mamaearth,Monthly dynamic Cont% (secondary-driven),5,Dec'25–May'26,70.87,6.95,100.0,Medium,Multi-chain distributor; split by secondary Cont% — validate (4 chains),,Y,Y,,,Pending,,,Needs Check,,,
3-Multi-Chain Dist; 2-Medium Conf,Vishal Mega Mart,SAI SAACHI ASSOCIATES-MT-OR,SAI SAACHI ASSOCIATES,Dist.,The Derma Co.,Monthly dynamic Cont% (secondary-driven),2,Dec'25–Mar'26,100.0,100.0,100.0,Medium,Multi-chain distributor; split by secondary Cont% — validate (4 chains),,Y,Y,,,Pending,,,Needs Check,,,
3-Multi-Chain Dist; 2-Medium Conf,Vishal Mega Mart,SRIJAN ENTERPRISES-MT-JH,SRIJAN ENTERPRISES,Dist.,Aqualogica,Monthly dynamic Cont% (secondary-driven),1,Dec'25–Dec'25,100.0,100.0,100.0,Medium,Multi-chain distributor; split by secondary Cont% — validate (2 chains),,Y,Y,,,Pending,,,Needs Check,,,
3-Multi-Chain Dist; 2-Medium Conf,Vishal Mega Mart,SRIJAN ENTERPRISES-MT-JH,SRIJAN ENTERPRISES,Dist.,Mamaearth,Monthly dynamic Cont% (secondary-driven),7,Jul'25–Mar'26,73.73,2.68,100.0,Medium,Multi-chain distributor; split by secondary Cont% — validate (2 chains),,Y,Y,,,Pending,,,Needs Check,,,
3-Multi-Chain Dist; 2-Medium Conf,Vishal Mega Mart,SRIJAN ENTERPRISES-MT-JH,SRIJAN ENTERPRISES,Dist.,The Derma Co.,Monthly dynamic Cont% (secondary-driven),3,Dec'25–Apr'26,100.0,100.0,100.0,Medium,Multi-chain distributor; split by secondary Cont% — validate (2 chains),,Y,Y,,,Pending,,,Needs Check,,,
3-Multi-Chain Dist; 2-Medium Conf,Vishal Mega Mart,Sancus Networks Private Limited-RMT,Sancus Networks Private Limited,Dist.,Mamaearth,Monthly dynamic Cont% (secondary-driven),4,Dec'25–May'26,8.48,3.14,19.09,Medium,Multi-chain distributor; split by secondary Cont% — validate (5 chains),,Y,Y,,,Pending,,,Needs Check,,,
3-Multi-Chain Dist; 2-Medium Conf,Vishal Mega Mart,Sri Vijaya Durga Agencies_Mt,Sri Vijaya Durga Agencies,Dist.,Mamaearth,Monthly dynamic Cont% (secondary-driven),3,Apr'25–May'26,0.1,0.02,0.27,Medium,Multi-chain distributor; split by secondary Cont% — validate (7 chains),,Y,Y,,,Pending,,,Needs Check,,,
